[{"elements":[],"id":"2189256d-1f8f-5651-888e-98453f3a8838","file_name":"Hero.png","title":"Metaverse","size":170207,"type":"image/png","url":"https://assets-us-01.kc-usercontent.com/48921938-149c-0023-7700-4f84f95e47a4/964941aa-dbdc-4fb4-8de5-4aeb75ad05cf/Hero.png","image_width":2368,"image_height":1776,"file_reference":{"id":"964941aa-dbdc-4fb4-8de5-4aeb75ad05cf","type":"internal"},"descriptions":[{"language":{"id":"00000000-0000-0000-0000-000000000000"},"description":"Illustration of a person wearing VR goggles"}],"external_id":"U3SK6xjRhpQRa9vJy8nyM","last_modified":"2022-05-11T11:19:51.0664644Z"},{"elements":[],"id":"ef4ed22a-728b-5baa-8316-4201a4e4ffbd","file_name":"instagram.svg","title":"Instagram Icon","size":1335,"type":"image/svg+xml","url":"https://assets-us-01.kc-usercontent.com/48921938-149c-0023-7700-4f84f95e47a4/3e61447c-0575-43f0-913c-41a5abc0f1bb/instagram.svg","image_width":null,"image_height":null,"file_reference":{"id":"3e61447c-0575-43f0-913c-41a5abc0f1bb","type":"internal"},"descriptions":[{"language":{"id":"00000000-0000-0000-0000-000000000000"},"description":null}],"external_id":"5Zz0bS8iAYeJTBGXjHLo49","last_modified":"2022-05-11T11:20:05.3811772Z"},{"elements":[],"id":"9dee9aa0-29ef-559d-85f1-040a29e579f4","file_name":"twitter.svg","title":"Twitter Icon","size":796,"type":"image/svg+xml","url":"https://assets-us-01.kc-usercontent.com/48921938-149c-0023-7700-4f84f95e47a4/cb7a5a33-d22d-4d05-b3ac-ecdbb18c3781/twitter.svg","image_width":null,"image_height":null,"file_reference":{"id":"cb7a5a33-d22d-4d05-b3ac-ecdbb18c3781","type":"internal"},"descriptions":[{"language":{"id":"00000000-0000-0000-0000-000000000000"},"description":null}],"external_id":"46BHkJ1DEunLxd79SMIJRS","last_modified":"2022-05-11T11:20:07.0515951Z"},{"elements":[],"id":"146b10cf-4b4f-56ef-b444-8a9dc25f19f6","file_name":"youtube.svg","title":"Youtube Icon","size":1329,"type":"image/svg+xml","url":"https://assets-us-01.kc-usercontent.com/48921938-149c-0023-7700-4f84f95e47a4/d469aef4-c6cd-4b03-bcee-f3fb28a37817/youtube.svg","image_width":null,"image_height":null,"file_reference":{"id":"d469aef4-c6cd-4b03-bcee-f3fb28a37817","type":"internal"},"descriptions":[{"language":{"id":"00000000-0000-0000-0000-000000000000"},"description":null}],"external_id":"1oC4sKXHAHUIC6dRW7oVlf","last_modified":"2022-05-11T11:20:07.0597455Z"},{"elements":[],"id":"748868fa-3779-5a80-a248-d7e434a6ffed","file_name":"github.svg","title":"GitHub Icon","size":939,"type":"image/svg+xml","url":"https://assets-us-01.kc-usercontent.com/48921938-149c-0023-7700-4f84f95e47a4/512e1816-5718-4ae6-a03a-a29ec36033d6/github.svg","image_width":null,"image_height":null,"file_reference":{"id":"512e1816-5718-4ae6-a03a-a29ec36033d6","type":"internal"},"descriptions":[{"language":{"id":"00000000-0000-0000-0000-000000000000"},"description":null}],"external_id":"5HVo3e7AJlzVGbH6cIgV7R","last_modified":"2022-05-11T11:20:07.3552279Z"},{"elements":[],"id":"5788c6db-7bba-5b67-909b-69b4952c1da4","file_name":"twitch.svg","title":"Twitch Icon","size":340,"type":"image/svg+xml","url":"https://assets-us-01.kc-usercontent.com/48921938-149c-0023-7700-4f84f95e47a4/19f421ce-4d3c-425d-9e63-7c6fbcc85d91/twitch.svg","image_width":null,"image_height":null,"file_reference":{"id":"19f421ce-4d3c-425d-9e63-7c6fbcc85d91","type":"internal"},"descriptions":[{"language":{"id":"00000000-0000-0000-0000-000000000000"},"description":null}],"external_id":"2Gve6k4bvY7i54w3d9ODRz","last_modified":"2022-05-11T11:20:07.3624879Z"},{"elements":[],"id":"fccd953a-788f-5d3b-a146-e99d49cfe56d","file_name":"facebook.svg","title":"Facebook Icon","size":711,"type":"image/svg+xml","url":"https://assets-us-01.kc-usercontent.com/48921938-149c-0023-7700-4f84f95e47a4/2e9d1668-728a-4adf-b7d2-8a7d3553a012/facebook.svg","image_width":null,"image_height":null,"file_reference":{"id":"2e9d1668-728a-4adf-b7d2-8a7d3553a012","type":"internal"},"descriptions":[{"language":{"id":"00000000-0000-0000-0000-000000000000"},"description":null}],"external_id":"4KY9oArhTjBATrOL0C18E4","last_modified":"2022-05-11T11:20:08.035008Z"},{"elements":[],"id":"4ee3735e-6ffc-5696-8098-f35a4d55a79c","file_name":"Property_1_chevron-right.svg","title":"right-arrow","size":214,"type":"image/svg+xml","url":"https://assets-us-01.kc-usercontent.com/48921938-149c-0023-7700-4f84f95e47a4/577509ab-a01d-4074-8695-ea38226da17c/Property_1_chevron-right.svg","image_width":null,"image_height":null,"file_reference":{"id":"577509ab-a01d-4074-8695-ea38226da17c","type":"internal"},"descriptions":[{"language":{"id":"00000000-0000-0000-0000-000000000000"},"description":null}],"external_id":"729gQpXOSvsa959SOotz0g","last_modified":"2022-05-11T11:20:10.5325869Z"},{"elements":[],"id":"04f92101-2e02-4e58-8609-d46a314d9717","file_name":"metaverse.png","title":null,"size":46626,"type":"image/png","url":"https://assets-us-01.kc-usercontent.com/48921938-149c-0023-7700-4f84f95e47a4/91182ec9-3ff0-4dba-a5a4-85cac5ac1bb1/metaverse.png","image_width":576,"image_height":432,"file_reference":{"id":"91182ec9-3ff0-4dba-a5a4-85cac5ac1bb1","type":"internal"},"descriptions":[{"language":{"id":"00000000-0000-0000-0000-000000000000"},"description":"Illustration of a person wearing VR goggles"}],"last_modified":"2022-06-02T08:53:07.4599402Z"},{"elements":[],"id":"aa590b75-8ef8-42ea-ae79-4dce69c41349","file_name":"duotone.png","title":null,"size":40875,"type":"image/png","url":"https://assets-us-01.kc-usercontent.com/48921938-149c-0023-7700-4f84f95e47a4/4ebff400-7f89-4b07-9823-3bb84719d6f6/duotone.png","image_width":592,"image_height":444,"file_reference":{"id":"4ebff400-7f89-4b07-9823-3bb84719d6f6","type":"internal"},"descriptions":[{"language":{"id":"00000000-0000-0000-0000-000000000000"},"description":null}],"last_modified":"2022-06-02T08:57:37.1181992Z"},{"elements":[],"id":"ac4876ee-1ee3-4a06-8478-bb1bb729c547","file_name":"Foobank Logo.png","title":null,"size":5272,"type":"image/png","url":"https://assets-us-01.kc-usercontent.com/48921938-149c-0023-7700-4f84f95e47a4/82acc897-b032-49ed-b990-f0c2878bd702/Foobank%20Logo.png","image_width":384,"image_height":96,"file_reference":{"id":"82acc897-b032-49ed-b990-f0c2878bd702","type":"internal"},"descriptions":[{"language":{"id":"00000000-0000-0000-0000-000000000000"},"description":"Foobank Logo"}],"last_modified":"2022-06-02T10:01:15.3150067Z"},{"elements":[],"id":"4866f9c8-b814-4736-a9ad-7e6af1a1dd6d","file_name":"Chattr Logo.png","title":null,"size":4417,"type":"image/png","url":"https://assets-us-01.kc-usercontent.com/48921938-149c-0023-7700-4f84f95e47a4/a8f97888-1567-4dfd-a638-bc0392f7ff88/Chattr%20Logo.png","image_width":384,"image_height":96,"file_reference":{"id":"a8f97888-1567-4dfd-a638-bc0392f7ff88","type":"internal"},"descriptions":[{"language":{"id":"00000000-0000-0000-0000-000000000000"},"description":"Chattr Logo"}],"last_modified":"2022-06-02T10:03:49.2375268Z"},{"elements":[],"id":"d6b6dd36-89e4-47de-99b6-9c27c6793b03","file_name":"Circuitz Logo.png","title":null,"size":3720,"type":"image/png","url":"https://assets-us-01.kc-usercontent.com/48921938-149c-0023-7700-4f84f95e47a4/194adcfc-c90e-46a0-98ab-53377444b8f8/Circuitz%20Logo.png","image_width":384,"image_height":96,"file_reference":{"id":"194adcfc-c90e-46a0-98ab-53377444b8f8","type":"internal"},"descriptions":[{"language":{"id":"00000000-0000-0000-0000-000000000000"},"description":"Circuitz Logo"}],"last_modified":"2022-06-02T11:13:28.5467918Z"},{"elements":[],"id":"c24651f2-327e-47d2-b954-54992ca5f487","file_name":"Funtendo Logo.png","title":null,"size":1623,"type":"image/png","url":"https://assets-us-01.kc-usercontent.com/48921938-149c-0023-7700-4f84f95e47a4/87dda02b-a58a-4c92-bf2d-d1ab6f5479b4/Funtendo%20Logo.png","image_width":128,"image_height":32,"file_reference":{"id":"87dda02b-a58a-4c92-bf2d-d1ab6f5479b4","type":"internal"},"descriptions":[{"language":{"id":"00000000-0000-0000-0000-000000000000"},"description":"Funtendo Logo"}],"last_modified":"2022-06-02T10:08:42.7859094Z"},{"elements":[],"id":"603872e0-75d4-4f70-a201-fe8a27c8d41c","file_name":"Deezii Logo.png","title":null,"size":3217,"type":"image/png","url":"https://assets-us-01.kc-usercontent.com/48921938-149c-0023-7700-4f84f95e47a4/a23b54e4-ff02-4ac6-9e36-4c9c1031783f/Deezii%20Logo.png","image_width":342,"image_height":96,"file_reference":{"id":"a23b54e4-ff02-4ac6-9e36-4c9c1031783f","type":"internal"},"descriptions":[{"language":{"id":"00000000-0000-0000-0000-000000000000"},"description":"Deezii Logo"}],"last_modified":"2022-06-02T10:10:48.6990436Z"},{"elements":[],"id":"498e163f-8c93-479d-b87f-84379a7ce483","file_name":"hexagon_cloud.png","title":null,"size":1769,"type":"image/png","url":"https://assets-us-01.kc-usercontent.com/48921938-149c-0023-7700-4f84f95e47a4/f0c5526e-2567-43a8-bb46-6954d069db3c/hexagon_cloud.png","image_width":64,"image_height":64,"file_reference":{"id":"f0c5526e-2567-43a8-bb46-6954d069db3c","type":"internal"},"descriptions":[{"language":{"id":"00000000-0000-0000-0000-000000000000"},"description":"Storm Icon Inverted Hexagon"}],"last_modified":"2022-06-02T10:15:56.5760703Z"},{"elements":[],"id":"a510a53f-bfc6-4a6b-b847-7e5e3ae9e8ab","file_name":"Pulse Icon Inverted.png","title":null,"size":1018,"type":"image/png","url":"https://assets-us-01.kc-usercontent.com/48921938-149c-0023-7700-4f84f95e47a4/7174f1e5-91d9-4d45-979b-14b31f72ce78/Pulse%20Icon%20Inverted.png","image_width":64,"image_height":64,"file_reference":{"id":"7174f1e5-91d9-4d45-979b-14b31f72ce78","type":"internal"},"descriptions":[{"language":{"id":"00000000-0000-0000-0000-000000000000"},"description":"Pulse Icon Inverted"}],"last_modified":"2022-06-02T10:18:38.2989631Z"},{"elements":[],"id":"d350a939-93d8-4c74-ac98-0b7985884b7f","file_name":"Umbrella Icon Inverted.png","title":null,"size":5073,"type":"image/png","url":"https://assets-us-01.kc-usercontent.com/48921938-149c-0023-7700-4f84f95e47a4/d5e47a9f-2472-49ef-9438-240201a57cb1/Umbrella%20Icon%20Inverted.png","image_width":192,"image_height":192,"file_reference":{"id":"d5e47a9f-2472-49ef-9438-240201a57cb1","type":"internal"},"descriptions":[{"language":{"id":"00000000-0000-0000-0000-000000000000"},"description":"Umbrella Icon Inverted Circle"}],"last_modified":"2022-06-02T10:19:40.5963216Z"},{"elements":[],"id":"103805f8-f95f-4a1d-b1f5-e0cf823c8a4b","file_name":"developer_floating.png","title":null,"size":31015,"type":"image/png","url":"https://assets-us-01.kc-usercontent.com/48921938-149c-0023-7700-4f84f95e47a4/9ed49844-f86f-4557-bd5f-82df0e66012b/developer_floating.png","image_width":480,"image_height":360,"file_reference":{"id":"9ed49844-f86f-4557-bd5f-82df0e66012b","type":"internal"},"descriptions":[{"language":{"id":"00000000-0000-0000-0000-000000000000"},"description":"Person floating with laptop and icons spinning around them"}],"last_modified":"2022-06-02T10:22:12.9697673Z"},{"elements":[],"id":"18824ff5-03fd-4593-bd79-1c3e4acd4470","file_name":"illustration_of_two _people_wearing_VR_googles.png","title":null,"size":34804,"type":"image/png","url":"https://assets-us-01.kc-usercontent.com/48921938-149c-0023-7700-4f84f95e47a4/6418f3dd-4e73-422b-86b8-f0e1cd3b1139/illustration_of_two%20_people_wearing_VR_googles.png","image_width":480,"image_height":360,"file_reference":{"id":"6418f3dd-4e73-422b-86b8-f0e1cd3b1139","type":"internal"},"descriptions":[{"language":{"id":"00000000-0000-0000-0000-000000000000"},"description":"Illustration of two people wearing VR goggles"}],"last_modified":"2022-06-02T10:22:59.2445185Z"},{"elements":[],"id":"29a5cebf-9906-4710-ad8e-8845fb9d8889","file_name":"Developer Floating.png","title":null,"size":29598,"type":"image/png","url":"https://assets-us-01.kc-usercontent.com/48921938-149c-0023-7700-4f84f95e47a4/c37ce3a9-6599-43ac-84c2-cc380a773202/Developer%20Floating.png","image_width":480,"image_height":360,"file_reference":{"id":"c37ce3a9-6599-43ac-84c2-cc380a773202","type":"internal"},"descriptions":[{"language":{"id":"00000000-0000-0000-0000-000000000000"},"description":"Person floating with laptop and icons spinning around them"}],"last_modified":"2022-06-02T10:27:20.5479719Z"},{"elements":[],"id":"06d3df35-435a-4e13-85d8-801e54130e44","file_name":"Illustration of two people wearing VR googles.png","title":null,"size":33319,"type":"image/png","url":"https://assets-us-01.kc-usercontent.com/48921938-149c-0023-7700-4f84f95e47a4/7e975be3-44e1-4f15-a003-a17ee2136f8b/Illustration%20of%20two%20people%20wearing%20VR%20googles.png","image_width":480,"image_height":360,"file_reference":{"id":"7e975be3-44e1-4f15-a003-a17ee2136f8b","type":"internal"},"descriptions":[{"language":{"id":"00000000-0000-0000-0000-000000000000"},"description":"Illustration of two people wearing VR goggles"}],"last_modified":"2022-06-02T10:27:58.8734238Z"},{"elements":[],"id":"92d9cd7d-4112-4a8a-a9e3-99636a2e5c41","file_name":"Film Icon.png","title":null,"size":842,"type":"image/png","url":"https://assets-us-01.kc-usercontent.com/48921938-149c-0023-7700-4f84f95e47a4/29dc5bde-5b1c-4eed-aade-5318c16fac6c/Film%20Icon.png","image_width":72,"image_height":72,"file_reference":{"id":"29dc5bde-5b1c-4eed-aade-5318c16fac6c","type":"internal"},"descriptions":[{"language":{"id":"00000000-0000-0000-0000-000000000000"},"description":"Film Icon"}],"last_modified":"2022-06-02T10:42:45.264879Z"},{"elements":[],"id":"aec1fec1-c05d-4602-a99d-386164b8e750","file_name":"Pulse Icon.png","title":null,"size":934,"type":"image/png","url":"https://assets-us-01.kc-usercontent.com/48921938-149c-0023-7700-4f84f95e47a4/bc918b9a-2e1d-492b-875b-45ca360347b7/Pulse%20Icon.png","image_width":72,"image_height":72,"file_reference":{"id":"bc918b9a-2e1d-492b-875b-45ca360347b7","type":"internal"},"descriptions":[{"language":{"id":"00000000-0000-0000-0000-000000000000"},"description":"Pulse Icon"}],"last_modified":"2022-06-02T10:39:31.8160126Z"},{"elements":[],"id":"a4acd731-fd99-4f17-a45d-15d6dc771f25","file_name":"Umbrella Icon.png","title":null,"size":1454,"type":"image/png","url":"https://assets-us-01.kc-usercontent.com/48921938-149c-0023-7700-4f84f95e47a4/61ff9e49-80db-45ed-bb70-bfda0110586d/Umbrella%20Icon.png","image_width":72,"image_height":72,"file_reference":{"id":"61ff9e49-80db-45ed-bb70-bfda0110586d","type":"internal"},"descriptions":[{"language":{"id":"00000000-0000-0000-0000-000000000000"},"description":"Umbrella Icon"}],"last_modified":"2022-06-02T10:43:51.8643551Z"},{"elements":[],"id":"500e6023-5f82-4079-b700-26bb139de26a","file_name":"Cloud Lighting.png","title":null,"size":1840,"type":"image/png","url":"https://assets-us-01.kc-usercontent.com/48921938-149c-0023-7700-4f84f95e47a4/d01f2f61-91a5-49bc-835a-be37700bbcc6/Cloud%20Lighting.png","image_width":72,"image_height":72,"file_reference":{"id":"d01f2f61-91a5-49bc-835a-be37700bbcc6","type":"internal"},"descriptions":[{"language":{"id":"00000000-0000-0000-0000-000000000000"},"description":"Cloud Lightning"}],"last_modified":"2022-06-02T10:43:31.6690006Z"},{"elements":[],"id":"25298c37-5512-48df-a7ed-183ced8a3c56","file_name":"Lightning.png","title":null,"size":1136,"type":"image/png","url":"https://assets-us-01.kc-usercontent.com/48921938-149c-0023-7700-4f84f95e47a4/aceab5c7-fe84-44f0-9516-00d5899f3558/Lightning.png","image_width":72,"image_height":72,"file_reference":{"id":"aceab5c7-fe84-44f0-9516-00d5899f3558","type":"internal"},"descriptions":[{"language":{"id":"00000000-0000-0000-0000-000000000000"},"description":"Lightning"}],"last_modified":"2022-06-02T10:40:52.6779816Z"},{"elements":[],"id":"2201e7fd-ed5d-41d4-82eb-2ad847b16cc0","file_name":"Heart Icon.png","title":null,"size":1429,"type":"image/png","url":"https://assets-us-01.kc-usercontent.com/48921938-149c-0023-7700-4f84f95e47a4/2f6f8782-f31b-4f75-b05b-1d4183afdebc/Heart%20Icon.png","image_width":72,"image_height":71,"file_reference":{"id":"2f6f8782-f31b-4f75-b05b-1d4183afdebc","type":"internal"},"descriptions":[{"language":{"id":"00000000-0000-0000-0000-000000000000"},"description":"Heart icon"}],"last_modified":"2022-06-02T10:42:11.4711248Z"},{"elements":[],"id":"d22eafc6-8177-4ed8-91dc-416691fadb88","file_name":"Clouds Filled Alternative.png","title":null,"size":1731,"type":"image/png","url":"https://assets-us-01.kc-usercontent.com/48921938-149c-0023-7700-4f84f95e47a4/3a6054f8-8833-496b-a534-61d0e723361e/Clouds%20Filled%20Alternative.png","image_width":64,"image_height":64,"file_reference":{"id":"3a6054f8-8833-496b-a534-61d0e723361e","type":"internal"},"descriptions":[{"language":{"id":"00000000-0000-0000-0000-000000000000"},"description":null}],"last_modified":"2022-06-02T10:46:13.5535585Z"},{"elements":[],"id":"62fecca5-54d9-4667-b487-deaf3d82adce","file_name":"Frame 15446.png","title":null,"size":3834,"type":"image/png","url":"https://assets-us-01.kc-usercontent.com/48921938-149c-0023-7700-4f84f95e47a4/80c17c50-877d-4bb0-a905-b2cec3b8d63f/Frame%2015446.png","image_width":48,"image_height":48,"file_reference":{"id":"80c17c50-877d-4bb0-a905-b2cec3b8d63f","type":"internal"},"descriptions":[{"language":{"id":"00000000-0000-0000-0000-000000000000"},"description":"Avatar"}],"last_modified":"2022-06-02T10:53:12.9091016Z"},{"elements":[],"id":"c3a61791-e3ed-41ba-a8d4-dc4f8514b940","file_name":"Floating Illustrastion.png","title":null,"size":63883,"type":"image/png","url":"https://assets-us-01.kc-usercontent.com/48921938-149c-0023-7700-4f84f95e47a4/2521c84b-91b9-4989-a935-eb7402397126/Floating%20Illustrastion.png","image_width":1216,"image_height":522,"file_reference":{"id":"2521c84b-91b9-4989-a935-eb7402397126","type":"internal"},"descriptions":[{"language":{"id":"00000000-0000-0000-0000-000000000000"},"description":"Illustration of person floating in space with VR goggles on"}],"last_modified":"2022-06-02T10:56:27.2784736Z"},{"elements":[],"id":"9ca8d6fa-434f-44bc-b66b-80927919866f","file_name":"Fixed aspect ratio cover-5.png","title":null,"size":1263275,"type":"image/png","url":"https://assets-us-01.kc-usercontent.com/48921938-149c-0023-7700-4f84f95e47a4/f786d62c-1d5d-4eff-875f-c7dbdae9cae3/Fixed%20aspect%20ratio%20cover-5.png","image_width":1440,"image_height":810,"file_reference":{"id":"f786d62c-1d5d-4eff-875f-c7dbdae9cae3","type":"internal"},"descriptions":[{"language":{"id":"00000000-0000-0000-0000-000000000000"},"description":"Placeholder image for the about page"}],"last_modified":"2022-06-02T10:59:24.8274278Z"},{"elements":[],"id":"a24fab5c-cc2c-4c0e-8c6f-3c673fd54d47","file_name":"drew-smith.png","title":null,"size":32869,"type":"image/png","url":"https://assets-us-01.kc-usercontent.com/48921938-149c-0023-7700-4f84f95e47a4/f6ed2f34-967e-48da-8321-bcd61409eb2d/drew-smith.png","image_width":240,"image_height":240,"file_reference":{"id":"f6ed2f34-967e-48da-8321-bcd61409eb2d","type":"internal"},"descriptions":[{"language":{"id":"00000000-0000-0000-0000-000000000000"},"description":null}],"last_modified":"2022-06-02T11:01:57.9762555Z"},{"elements":[],"id":"6b51e373-4c5d-4847-9991-d466199c744b","file_name":"Tam-seiko.png","title":null,"size":43677,"type":"image/png","url":"https://assets-us-01.kc-usercontent.com/48921938-149c-0023-7700-4f84f95e47a4/d1532265-6e46-42d2-8e88-2a627de218a7/Tam-seiko.png","image_width":240,"image_height":240,"file_reference":{"id":"d1532265-6e46-42d2-8e88-2a627de218a7","type":"internal"},"descriptions":[{"language":{"id":"00000000-0000-0000-0000-000000000000"},"description":null}],"last_modified":"2022-06-02T11:01:57.9793583Z"},{"elements":[],"id":"787a7ca9-bc64-4459-9431-6c26afa7ae71","file_name":"lana-steiner.png","title":null,"size":46512,"type":"image/png","url":"https://assets-us-01.kc-usercontent.com/48921938-149c-0023-7700-4f84f95e47a4/b54527ee-c5b9-43fd-958f-b7224f508f4e/lana-steiner.png","image_width":240,"image_height":240,"file_reference":{"id":"b54527ee-c5b9-43fd-958f-b7224f508f4e","type":"internal"},"descriptions":[{"language":{"id":"00000000-0000-0000-0000-000000000000"},"description":null}],"last_modified":"2022-06-02T11:01:58.015735Z"},{"elements":[],"id":"966ba74b-7ed9-432a-804c-9c360f305b5c","file_name":"Jermaine-hall.png","title":null,"size":53205,"type":"image/png","url":"https://assets-us-01.kc-usercontent.com/48921938-149c-0023-7700-4f84f95e47a4/d9fae493-f35a-4be4-b4b9-bf9b820b6e6a/Jermaine-hall.png","image_width":240,"image_height":240,"file_reference":{"id":"d9fae493-f35a-4be4-b4b9-bf9b820b6e6a","type":"internal"},"descriptions":[{"language":{"id":"00000000-0000-0000-0000-000000000000"},"description":null}],"last_modified":"2022-06-02T11:01:58.019254Z"},{"elements":[],"id":"9a483ef9-36f1-4ff6-98f5-7ac547fd7911","file_name":"phoenix-baker.png","title":null,"size":63880,"type":"image/png","url":"https://assets-us-01.kc-usercontent.com/48921938-149c-0023-7700-4f84f95e47a4/092ced51-cc87-4b87-8419-3d785e9ade58/phoenix-baker.png","image_width":240,"image_height":240,"file_reference":{"id":"092ced51-cc87-4b87-8419-3d785e9ade58","type":"internal"},"descriptions":[{"language":{"id":"00000000-0000-0000-0000-000000000000"},"description":null}],"last_modified":"2022-06-02T11:01:58.1054411Z"},{"elements":[],"id":"a8bd4d2f-9529-4a53-a084-667939f906b0","file_name":"amy-hansen.png","title":null,"size":45283,"type":"image/png","url":"https://assets-us-01.kc-usercontent.com/48921938-149c-0023-7700-4f84f95e47a4/85e9a9f9-b432-429a-b0f3-0d69283f837c/amy-hansen.png","image_width":240,"image_height":240,"file_reference":{"id":"85e9a9f9-b432-429a-b0f3-0d69283f837c","type":"internal"},"descriptions":[{"language":{"id":"00000000-0000-0000-0000-000000000000"},"description":null}],"last_modified":"2022-06-02T11:01:58.4008279Z"},{"elements":[],"id":"a0a272b1-081b-43a6-90d7-1b06659993c6","file_name":"Anchor Icon.png","title":null,"size":1617,"type":"image/png","url":"https://assets-us-01.kc-usercontent.com/48921938-149c-0023-7700-4f84f95e47a4/575a6747-31cd-488d-926c-b3ef2da3b82b/Anchor%20Icon.png","image_width":72,"image_height":71,"file_reference":{"id":"575a6747-31cd-488d-926c-b3ef2da3b82b","type":"internal"},"descriptions":[{"language":{"id":"00000000-0000-0000-0000-000000000000"},"description":"Anchor Icon"}],"last_modified":"2022-06-02T11:08:21.8013155Z"},{"elements":[],"id":"001553e8-ae59-424d-b2ea-d111b38697d1","file_name":"smiley.png","title":null,"size":2116,"type":"image/png","url":"https://assets-us-01.kc-usercontent.com/48921938-149c-0023-7700-4f84f95e47a4/04e054f4-0a08-4d1b-af3f-e5d51d6307f6/smiley.png","image_width":72,"image_height":71,"file_reference":{"id":"04e054f4-0a08-4d1b-af3f-e5d51d6307f6","type":"internal"},"descriptions":[{"language":{"id":"00000000-0000-0000-0000-000000000000"},"description":"Smiley Icon"}],"last_modified":"2022-06-02T11:09:35.8835654Z"},{"elements":[],"id":"64157230-5a15-46de-9fde-58aae8f7d949","file_name":"Search Icon.png","title":null,"size":1613,"type":"image/png","url":"https://assets-us-01.kc-usercontent.com/48921938-149c-0023-7700-4f84f95e47a4/f8d907c5-fe0f-4156-9d5c-54fc87627a0b/Search%20Icon.png","image_width":72,"image_height":71,"file_reference":{"id":"f8d907c5-fe0f-4156-9d5c-54fc87627a0b","type":"internal"},"descriptions":[{"language":{"id":"00000000-0000-0000-0000-000000000000"},"description":"Search Icon"}],"last_modified":"2022-06-02T11:10:32.8105062Z"},{"elements":[],"id":"aa20da6b-9f6b-4b99-92f0-89753390a0dd","file_name":"Umbrella Filled Alternative.png","title":null,"size":1803,"type":"image/png","url":"https://assets-us-01.kc-usercontent.com/48921938-149c-0023-7700-4f84f95e47a4/06f14ae9-9c1f-44a1-97f5-4ae4e7bd68db/Umbrella%20Filled%20Alternative.png","image_width":64,"image_height":64,"file_reference":{"id":"06f14ae9-9c1f-44a1-97f5-4ae4e7bd68db","type":"internal"},"descriptions":[{"language":{"id":"00000000-0000-0000-0000-000000000000"},"description":null}],"last_modified":"2022-06-02T11:25:45.9508257Z"},{"elements":[],"id":"f12f96da-12dd-422f-97c7-09594f74dfaf","file_name":"Pulse Filled Alternative.png","title":null,"size":993,"type":"image/png","url":"https://assets-us-01.kc-usercontent.com/48921938-149c-0023-7700-4f84f95e47a4/72d4a9d2-fd20-4535-bca2-9b3525e87195/Pulse%20Filled%20Alternative.png","image_width":64,"image_height":64,"file_reference":{"id":"72d4a9d2-fd20-4535-bca2-9b3525e87195","type":"internal"},"descriptions":[{"language":{"id":"00000000-0000-0000-0000-000000000000"},"description":null}],"last_modified":"2022-06-02T11:28:27.4966147Z"},{"elements":[],"id":"f86f33fd-2732-4d0e-82ca-c824cba58f9a","file_name":"Clouds Filled Alternative.png","title":null,"size":1731,"type":"image/png","url":"https://assets-us-01.kc-usercontent.com/48921938-149c-0023-7700-4f84f95e47a4/232ec472-04af-4338-96a0-e054f98e04c2/Clouds%20Filled%20Alternative.png","image_width":64,"image_height":64,"file_reference":{"id":"232ec472-04af-4338-96a0-e054f98e04c2","type":"internal"},"descriptions":[{"language":{"id":"00000000-0000-0000-0000-000000000000"},"description":null}],"last_modified":"2022-06-02T11:29:00.6343721Z"}]