[{"id":"b9ba2d23-8316-5b48-a992-f208f597ab43","codename":"about_stat_list","last_modified":"2022-05-11T11:20:21.9597212Z","external_id":"aboutStatList","name":"About Stat List","content_groups":[],"elements":[{"item_count_limit":null,"allowed_content_types":[],"default":null,"name":"Content","guidelines":null,"is_required":false,"type":"modular_content","external_id":"aboutStatList-content","id":"678f1627-eead-546e-aa4d-010fe9b0928c","codename":"content","is_non_localizable":false}]},{"id":"c6e43a52-11b7-5ef4-bb03-ee8ccb4a8d59","codename":"about_logo_list","last_modified":"2022-05-11T11:20:21.9637705Z","external_id":"aboutLogoList","name":"About Logo List","content_groups":[],"elements":[{"maximum_text_length":null,"validation_regex":null,"default":null,"name":"Heading","guidelines":null,"is_required":false,"type":"text","external_id":"aboutLogoList-heading","id":"4524bd52-c00d-5857-b209-a6f2e9acae44","codename":"heading","is_non_localizable":false},{"item_count_limit":null,"allowed_content_types":[],"default":null,"name":"Link","guidelines":"[\n  {\n    \"linkContentType\": [\n      \"homepageLink\"\n    ]\n  }\n]","is_required":false,"type":"modular_content","external_id":"aboutLogoList-link","id":"f62a110a-12f1-5307-b6f9-3ab8072303fb","codename":"link","is_non_localizable":false},{"item_count_limit":null,"allowed_content_types":[],"default":null,"name":"Links","guidelines":null,"is_required":false,"type":"modular_content","external_id":"aboutLogoList-links","id":"2206caf1-dfbf-54fd-8515-4c5c4b54dd4f","codename":"links","is_non_localizable":false},{"item_count_limit":null,"allowed_content_types":[],"default":null,"name":"Logos","guidelines":null,"is_required":false,"type":"modular_content","external_id":"aboutLogoList-logos","id":"52b7ff97-1202-53ef-b0a5-d58317350d7a","codename":"logos","is_non_localizable":false}]},{"id":"c3bc5d0f-bc6e-594f-976a-82757b920017","codename":"nav_item","last_modified":"2022-05-11T11:20:22.2198513Z","external_id":"navItem","name":"Nav Item","content_groups":[],"elements":[{"maximum_text_length":null,"validation_regex":null,"default":null,"name":"Text","guidelines":null,"is_required":false,"type":"text","external_id":"navItem-text","id":"b8a1e186-2be9-58ab-9f80-3e91910d8a60","codename":"text","is_non_localizable":false},{"maximum_text_length":null,"validation_regex":null,"default":null,"name":"Href","guidelines":null,"is_required":false,"type":"text","external_id":"navItem-href","id":"46d1b678-aa10-5b85-ad03-fb6bb75fe478","codename":"href","is_non_localizable":false},{"asset_count_limit":null,"maximum_file_size":null,"allowed_file_types":"any","image_width_limit":null,"image_height_limit":null,"default":null,"name":"Icon","guidelines":null,"is_required":false,"type":"asset","external_id":"navItem-icon","id":"955324d1-90f5-5bc4-92ed-7cf4493afe42","codename":"icon","is_non_localizable":false},{"maximum_text_length":null,"validation_regex":null,"default":null,"name":"Description","guidelines":null,"is_required":false,"type":"text","external_id":"navItem-description","id":"843b6e9f-59a0-51da-a1db-dec0e5dfba52","codename":"description","is_non_localizable":false}]},{"id":"3f226e87-aba8-5aa2-afa3-11d6c2542d8c","codename":"homepage_product","last_modified":"2022-05-11T11:20:19.6879042Z","external_id":"homepageProduct","name":"Homepage Product","content_groups":[],"elements":[{"maximum_text_length":null,"validation_regex":null,"default":null,"name":"Heading","guidelines":null,"is_required":false,"type":"text","external_id":"homepageProduct-heading","id":"86dfc642-81a7-5da8-9412-f81ddc7135f2","codename":"heading","is_non_localizable":false},{"asset_count_limit":null,"maximum_file_size":null,"allowed_file_types":"any","image_width_limit":null,"image_height_limit":null,"default":null,"name":"Image","guidelines":null,"is_required":false,"type":"asset","external_id":"homepageProduct-image","id":"202427b7-c261-5596-835b-d340d2b854f8","codename":"image","is_non_localizable":false},{"maximum_text_length":null,"validation_regex":null,"default":null,"name":"Text","guidelines":null,"is_required":false,"type":"text","external_id":"homepageProduct-text","id":"644bbc55-1eb7-5b26-bad2-f7962694d8bd","codename":"text","is_non_localizable":false},{"item_count_limit":null,"allowed_content_types":[],"default":null,"name":"Links","guidelines":null,"is_required":false,"type":"modular_content","external_id":"homepageProduct-links","id":"d04d36dd-3192-52f0-a5db-a869cbdc48da","codename":"links","is_non_localizable":false}]},{"id":"01225f6e-202b-566d-bd03-8bd532c9fc62","codename":"homepage_product_list","last_modified":"2022-05-11T11:20:20.5381652Z","external_id":"homepageProductList","name":"Homepage Product List","content_groups":[],"elements":[{"maximum_text_length":null,"validation_regex":null,"default":null,"name":"Heading","guidelines":null,"is_required":false,"type":"text","external_id":"homepageProductList-heading","id":"9d4e855a-416f-5d3c-bfe7-d6b10adfb833","codename":"heading","is_non_localizable":false},{"maximum_text_length":null,"validation_regex":null,"default":null,"name":"Kicker","guidelines":null,"is_required":false,"type":"text","external_id":"homepageProductList-kicker","id":"0102eed4-aece-56c3-a258-6d75ba09b1eb","codename":"kicker","is_non_localizable":false},{"item_count_limit":null,"allowed_content_types":[],"default":null,"name":"Content","guidelines":null,"is_required":false,"type":"modular_content","external_id":"homepageProductList-content","id":"8c883731-456b-59d0-861f-bfbb2bcfc6a7","codename":"content","is_non_localizable":false},{"maximum_text_length":null,"validation_regex":null,"default":null,"name":"Text","guidelines":null,"is_required":false,"type":"text","external_id":"homepageProductList-text","id":"a78581aa-e767-54f7-aef5-e9aea271330c","codename":"text","is_non_localizable":false}]},{"id":"beb545e2-86c9-56b4-aeb4-fe35ca9677c4","codename":"homepage_cta","last_modified":"2022-05-11T11:20:19.4068102Z","external_id":"homepageCta","name":"Homepage CTA","content_groups":[],"elements":[{"maximum_text_length":null,"validation_regex":null,"default":null,"name":"Heading","guidelines":null,"is_required":false,"type":"text","external_id":"homepageCta-heading","id":"04dda1a0-69d6-5a43-b643-c3953ab67557","codename":"heading","is_non_localizable":false},{"maximum_text_length":null,"validation_regex":null,"default":null,"name":"Kicker","guidelines":null,"is_required":false,"type":"text","external_id":"homepageCta-kicker","id":"db84246c-9b67-5c65-be9e-36f4b75a3306","codename":"kicker","is_non_localizable":false},{"maximum_text_length":null,"validation_regex":null,"default":null,"name":"Text","guidelines":null,"is_required":false,"type":"text","external_id":"homepageCta-text","id":"ab33eceb-cebf-5628-9ffd-3bd9fd69d586","codename":"text","is_non_localizable":false},{"item_count_limit":null,"allowed_content_types":[],"default":null,"name":"Links","guidelines":null,"is_required":false,"type":"modular_content","external_id":"homepageCta-links","id":"2258084c-fa85-57e3-9b26-ae83bdafda06","codename":"links","is_non_localizable":false},{"asset_count_limit":null,"maximum_file_size":null,"allowed_file_types":"any","image_width_limit":null,"image_height_limit":null,"default":null,"name":"Image","guidelines":null,"is_required":false,"type":"asset","external_id":"homepageCta-image","id":"c3ec33e6-fd08-5b0e-84c5-8c0c3798a441","codename":"image","is_non_localizable":false}]},{"id":"0e24f78c-2986-5fa6-bedd-0077676e487d","codename":"about_leadership","last_modified":"2022-05-11T11:20:22.4637188Z","external_id":"aboutLeadership","name":"About Leadership","content_groups":[],"elements":[{"maximum_text_length":null,"validation_regex":null,"default":null,"name":"Kicker","guidelines":null,"is_required":false,"type":"text","external_id":"aboutLeadership-kicker","id":"f16740d0-4a51-562e-ac83-c9707dc63df5","codename":"kicker","is_non_localizable":false},{"maximum_text_length":null,"validation_regex":null,"default":null,"name":"Heading","guidelines":null,"is_required":false,"type":"text","external_id":"aboutLeadership-heading","id":"29b06ae6-0963-5b44-901f-7704101773df","codename":"heading","is_non_localizable":false},{"maximum_text_length":null,"validation_regex":null,"default":null,"name":"Subhead","guidelines":null,"is_required":false,"type":"text","external_id":"aboutLeadership-subhead","id":"1a32263f-06eb-5724-9fec-e69c2013d5ee","codename":"subhead","is_non_localizable":false},{"item_count_limit":null,"allowed_content_types":[],"default":null,"name":"Content","guidelines":null,"is_required":false,"type":"modular_content","external_id":"aboutLeadership-content","id":"8c8d645c-e1a0-576a-9e11-8e9560678b32","codename":"content","is_non_localizable":false}]},{"id":"868ec5e8-fe3e-55bb-afb9-91893013ec9b","codename":"layoutheader","last_modified":"2022-05-11T11:20:20.1842846Z","external_id":"layoutHeader","name":"LayoutHeader","content_groups":[],"elements":[{"maximum_text_length":null,"validation_regex":null,"default":null,"name":"Name","guidelines":null,"is_required":false,"type":"text","external_id":"layoutHeader-name","id":"5f76eb9f-ede9-510b-a831-9b0f8e862c3c","codename":"name","is_non_localizable":false},{"item_count_limit":null,"allowed_content_types":[],"default":null,"name":"CTA","guidelines":"[\n  {\n    \"linkContentType\": [\n      \"homepageLink\"\n    ]\n  }\n]","is_required":false,"type":"modular_content","external_id":"layoutHeader-cta","id":"297ab8d1-48d2-5367-9912-e1a08617acca","codename":"cta","is_non_localizable":false},{"item_count_limit":null,"allowed_content_types":[],"default":null,"name":"NavItems","guidelines":null,"is_required":false,"type":"modular_content","external_id":"layoutHeader-navItems","id":"29239ca6-2b57-5026-aaf2-a77964f98f1c","codename":"navitems","is_non_localizable":false}]},{"id":"7db7fc40-ade6-5092-86cf-f55eeddb9e1e","codename":"homepage_testimonial_list","last_modified":"2022-05-11T11:20:19.6614671Z","external_id":"homepageTestimonialList","name":"Homepage Testimonial List","content_groups":[],"elements":[{"maximum_text_length":null,"validation_regex":null,"default":null,"name":"Kicker","guidelines":null,"is_required":false,"type":"text","external_id":"homepageTestimonialList-kicker","id":"d7f3cda6-fe35-5b00-96c4-7f810a83e05b","codename":"kicker","is_non_localizable":false},{"maximum_text_length":null,"validation_regex":null,"default":null,"name":"Heading","guidelines":null,"is_required":false,"type":"text","external_id":"homepageTestimonialList-heading","id":"e3810a19-20a3-51ba-90b2-02dbfab3c42c","codename":"heading","is_non_localizable":false},{"item_count_limit":null,"allowed_content_types":[],"default":null,"name":"Content","guidelines":null,"is_required":false,"type":"modular_content","external_id":"homepageTestimonialList-content","id":"e628859d-099d-58f7-950c-43319d46301a","codename":"content","is_non_localizable":false},{"maximum_text_length":null,"validation_regex":null,"default":null,"name":"Name","guidelines":null,"is_required":false,"type":"text","external_id":"homepageTestimonialList-name","id":"92a1b478-8c47-5bcc-9219-03993616520e","codename":"name","is_non_localizable":false}]},{"id":"ce14460f-eada-56ae-9e81-949b7bff8fbb","codename":"blog_post","last_modified":"2022-05-11T11:20:20.2226194Z","external_id":"blogPost","name":"Blog Post","content_groups":[],"elements":[{"maximum_text_length":null,"validation_regex":null,"default":null,"name":"slug","guidelines":"[\n  {\n    \"unique\": true\n  },\n  {\n    \"regexp\": {\n      \"pattern\": \"^[a-zA-Z0-9\\\\/_-]*$\",\n      \"flags\": null\n    }\n  }\n]","is_required":false,"type":"text","external_id":"blogPost-slug","id":"94c603e4-b3e6-53fe-9640-3ebbfddbb1a1","codename":"slug","is_non_localizable":false},{"maximum_text_length":null,"validation_regex":null,"default":null,"name":"Title","guidelines":null,"is_required":false,"type":"text","external_id":"blogPost-title","id":"c8b545fa-b6a8-55d6-9000-012f60d92011","codename":"title","is_non_localizable":false},{"default":null,"name":"Date","guidelines":null,"is_required":false,"type":"date_time","external_id":"blogPost-date","id":"93c7dbfe-afe9-5bc3-9839-8cce794a06f1","codename":"date","is_non_localizable":false},{"asset_count_limit":null,"maximum_file_size":null,"allowed_file_types":"any","image_width_limit":null,"image_height_limit":null,"default":null,"name":"Image","guidelines":null,"is_required":false,"type":"asset","external_id":"blogPost-image","id":"14175886-56b6-5a9a-8d8f-6057006585b5","codename":"image","is_non_localizable":false},{"maximum_text_length":null,"maximum_image_size":null,"allowed_content_types":[],"allowed_item_link_types":[],"image_width_limit":null,"image_height_limit":null,"allowed_image_types":"any","allowed_blocks":[],"allowed_formatting":[],"allowed_text_blocks":[],"allowed_table_blocks":[],"allowed_table_formatting":[],"allowed_table_text_blocks":[],"name":"Body","guidelines":"[\n  {\n    \"enabledMarks\": [\n      \"bold\",\n      \"italic\",\n      \"underline\",\n      \"code\"\n    ],\n    \"message\": \"Only bold, italic, underline, and code marks are allowed\"\n  },\n  {\n    \"enabledNodeTypes\": [\n      \"heading-1\",\n      \"heading-2\",\n      \"heading-3\",\n      \"heading-4\",\n      \"heading-5\",\n      \"heading-6\",\n      \"ordered-list\",\n      \"unordered-list\",\n      \"hr\",\n      \"blockquote\",\n      \"embedded-entry-block\",\n      \"embedded-asset-block\",\n      \"hyperlink\",\n      \"entry-hyperlink\",\n      \"asset-hyperlink\",\n      \"embedded-entry-inline\"\n    ],\n    \"message\": \"Only heading 1, heading 2, heading 3, heading 4, heading 5, heading 6, ordered list, unordered list, horizontal rule, quote, block entry, asset, link to Url, link to entry, link to asset, and inline entry nodes are allowed\"\n  },\n  {\n    \"nodes\": {}\n  }\n]","is_required":false,"type":"rich_text","external_id":"blogPost-body","id":"94374236-7b12-51ba-8cbc-f14bdf3763d7","codename":"body","is_non_localizable":false},{"maximum_text_length":null,"validation_regex":null,"default":null,"name":"Excerpt","guidelines":null,"is_required":false,"type":"text","external_id":"blogPost-excerpt","id":"771018c0-2279-5694-9f12-442cebe34c7d","codename":"excerpt","is_non_localizable":false}]},{"id":"090ca7ca-ed39-59c5-8e4d-3628865a0ce4","codename":"navitemgroup","last_modified":"2022-05-11T11:20:21.961026Z","external_id":"navItemGroup","name":"NavItemGroup","content_groups":[],"elements":[{"maximum_text_length":null,"validation_regex":null,"default":null,"name":"Name","guidelines":null,"is_required":false,"type":"text","external_id":"navItemGroup-name","id":"453b61fb-e4db-5b58-9b4f-e0a2b1bffc8c","codename":"name","is_non_localizable":false},{"item_count_limit":null,"allowed_content_types":[],"default":null,"name":"NavItems","guidelines":null,"is_required":false,"type":"modular_content","external_id":"navItemGroup-navItems","id":"c98e7b90-60fc-55ff-a123-ec2c5a36f59b","codename":"navitems","is_non_localizable":false}]},{"id":"72f68a67-0a14-5585-a6c8-c7f1416d45b0","codename":"homepage_stat","last_modified":"2022-05-11T11:20:19.1521968Z","external_id":"homepageStat","name":"Homepage Stat","content_groups":[],"elements":[{"maximum_text_length":null,"validation_regex":null,"default":null,"name":"Value","guidelines":null,"is_required":false,"type":"text","external_id":"homepageStat-value","id":"9d8eb975-6051-5d4c-a407-66ab9f728d76","codename":"value","is_non_localizable":false},{"maximum_text_length":null,"validation_regex":null,"default":null,"name":"Label","guidelines":null,"is_required":false,"type":"text","external_id":"homepageStat-label","id":"82946395-0b76-5abf-a5d2-321d944cf151","codename":"label","is_non_localizable":false},{"maximum_text_length":null,"validation_regex":null,"default":null,"name":"Heading","guidelines":null,"is_required":false,"type":"text","external_id":"homepageStat-heading","id":"9321957a-bb3c-53ee-9e3b-ca52b6d52325","codename":"heading","is_non_localizable":false}]},{"id":"2778a3c4-0f2d-5bda-94d2-339ac6dc5390","codename":"homepage_link","last_modified":"2022-05-11T11:20:17.8066706Z","external_id":"homepageLink","name":"Homepage Link","content_groups":[],"elements":[{"maximum_text_length":null,"validation_regex":null,"default":null,"name":"Text","guidelines":null,"is_required":false,"type":"text","external_id":"homepageLink-text","id":"6842749c-8640-5f16-a544-22d6129d15d7","codename":"text","is_non_localizable":false},{"maximum_text_length":null,"validation_regex":null,"default":null,"name":"href","guidelines":null,"is_required":false,"type":"text","external_id":"homepageLink-href","id":"7a675964-1c97-5325-9f0f-cb4859c0e9f1","codename":"href","is_non_localizable":false}]},{"id":"850a0517-bed3-5a71-b77c-df354e2b2fdd","codename":"homepage","last_modified":"2022-06-08T10:56:17.6127637Z","external_id":"homepage","name":"Homepage","content_groups":[],"elements":[{"maximum_text_length":null,"validation_regex":null,"default":null,"name":"Title","guidelines":null,"is_required":false,"type":"text","external_id":"homepage-title","id":"14e020b0-80ee-56c6-ab21-730ad81a10fc","codename":"title","is_non_localizable":false},{"maximum_text_length":null,"validation_regex":null,"default":null,"name":"Description","guidelines":null,"is_required":false,"type":"text","external_id":"homepage-description","id":"2ff4edf0-b37f-57b1-ae8e-efbb75ac8038","codename":"description","is_non_localizable":false},{"asset_count_limit":null,"maximum_file_size":null,"allowed_file_types":"any","image_width_limit":null,"image_height_limit":null,"default":null,"name":"Image","guidelines":null,"is_required":false,"type":"asset","external_id":"homepage-image","id":"8c73a8d0-31d5-53f8-9f07-402e2b9ddca8","codename":"image","is_non_localizable":false},{"item_count_limit":null,"allowed_content_types":[{"id":"cffbd98b-2818-54a1-8b5e-104ce0519c66"},{"id":"1ddf3c07-de93-5303-834b-0946888667f8"},{"id":"01225f6e-202b-566d-bd03-8bd532c9fc62"},{"id":"c81edd10-5eb0-57f7-8365-15abdb272864"},{"id":"7db7fc40-ade6-5092-86cf-f55eeddb9e1e"},{"id":"7470e9d3-f2ae-5538-aa69-1469b6e91b8f"},{"id":"beb545e2-86c9-56b4-aeb4-fe35ca9677c4"},{"id":"7ab78a1b-1923-57f8-81bd-8b1099c47a6f"},{"id":"2f880711-7db2-5faf-9e9c-fe300fe6e33c"},{"id":"053ffa39-da52-5e42-a3e9-7efc69b21f15"}],"default":null,"name":"Content","guidelines":null,"is_required":false,"type":"modular_content","external_id":"homepage-content","id":"f3c856ff-4522-5dbd-a596-0b94ab1694a9","codename":"content","is_non_localizable":false}]},{"id":"0f3053ea-e9e1-523f-8c01-25df5b6366f6","codename":"layoutfooter","last_modified":"2022-05-11T11:20:19.6777156Z","external_id":"layoutFooter","name":"LayoutFooter","content_groups":[],"elements":[{"maximum_text_length":null,"validation_regex":null,"default":null,"name":"Name","guidelines":null,"is_required":false,"type":"text","external_id":"layoutFooter-name","id":"f12aafd8-457e-53bd-861d-5f3b5ff3ab46","codename":"name","is_non_localizable":false},{"item_count_limit":null,"allowed_content_types":[],"default":null,"name":"Links","guidelines":null,"is_required":false,"type":"modular_content","external_id":"layoutFooter-links","id":"5de39edf-2244-556a-83b7-6ca8032b8009","codename":"links","is_non_localizable":false},{"item_count_limit":null,"allowed_content_types":[],"default":null,"name":"Social Links","guidelines":null,"is_required":false,"type":"modular_content","external_id":"layoutFooter-socialLinks","id":"c32aa610-0bb4-58bd-860e-bc629ec456c2","codename":"social_links","is_non_localizable":false},{"item_count_limit":null,"allowed_content_types":[],"default":null,"name":"Meta","guidelines":null,"is_required":false,"type":"modular_content","external_id":"layoutFooter-meta","id":"9b5be0a4-65bb-5dd4-9b93-faf425b109f1","codename":"meta","is_non_localizable":false},{"maximum_text_length":null,"validation_regex":null,"default":null,"name":"Copyright","guidelines":null,"is_required":false,"type":"text","external_id":"layoutFooter-copyright","id":"7bb4af92-c297-5521-a8ef-49a82d46fb94","codename":"copyright","is_non_localizable":false}]},{"id":"1dfec06b-1eaf-570a-847c-4e7986fa5a0d","codename":"about_page","last_modified":"2022-05-11T11:20:20.5399282Z","external_id":"aboutPage","name":"About Page","content_groups":[],"elements":[{"maximum_text_length":null,"validation_regex":null,"default":null,"name":"Title","guidelines":null,"is_required":false,"type":"text","external_id":"aboutPage-title","id":"e3558f21-4e3e-508a-8ac6-b76a2300a1c2","codename":"title","is_non_localizable":false},{"maximum_text_length":null,"validation_regex":null,"default":null,"name":"Description","guidelines":null,"is_required":false,"type":"text","external_id":"aboutPage-description","id":"cea42784-eebb-5aa1-87df-97304e2779f3","codename":"description","is_non_localizable":false},{"asset_count_limit":null,"maximum_file_size":null,"allowed_file_types":"any","image_width_limit":null,"image_height_limit":null,"default":null,"name":"Image","guidelines":null,"is_required":false,"type":"asset","external_id":"aboutPage-image","id":"540065be-b429-5211-951b-fce409165c1a","codename":"image","is_non_localizable":false},{"item_count_limit":null,"allowed_content_types":[],"default":null,"name":"Content","guidelines":null,"is_required":false,"type":"modular_content","external_id":"aboutPage-content","id":"13d202db-7b51-5757-9b33-3a4aefdf58b4","codename":"content","is_non_localizable":false}]},{"id":"ac7783dd-adfb-5c88-9efc-a172ace4dad5","codename":"sociallink","last_modified":"2022-05-19T08:43:59.4635581Z","external_id":"socialLink","name":"SocialLink","content_groups":[],"elements":[{"mode":"single","options":[{"id":"75f44d99-697e-477f-a687-5f670b09d38a","codename":"twitter","name":"TWITTER"},{"id":"247bc7b5-d647-42b3-b39f-5b20da7fc1d6","codename":"facebook","name":"FACEBOOK"},{"id":"da0bd78b-bc49-452c-8537-127b4f692ae5","codename":"instagram","name":"INSTAGRAM"},{"id":"0f441311-3771-48b8-a7d9-9231324142ca","codename":"youtube","name":"YOUTUBE"},{"id":"0f569e30-dee5-48d3-bb74-ec7c74a9894f","codename":"github","name":"GITHUB"},{"id":"ef056e57-11e1-46de-95da-a25855755016","codename":"linkedin","name":"LINKEDIN"},{"id":"1c8509f0-c2cd-41e1-821e-8406c7589f50","codename":"discord","name":"DISCORD"},{"id":"b722c6a0-f188-413f-ad05-bbb99955d09d","codename":"twitch","name":"TWITCH"}],"default":null,"name":"Service","guidelines":null,"is_required":true,"type":"multiple_choice","external_id":"socialLink-service","id":"8afdf5d0-38c4-5aa2-a69b-e51ce28fe2d0","codename":"service","is_non_localizable":false},{"maximum_text_length":null,"validation_regex":null,"default":null,"name":"Username","guidelines":null,"is_required":false,"type":"text","external_id":"socialLink-username","id":"7ee398f0-f60b-5e8b-813c-67a75bb14fd3","codename":"username","is_non_localizable":false}]},{"id":"cffbd98b-2818-54a1-8b5e-104ce0519c66","codename":"homepage_logo_list","last_modified":"2022-05-11T11:20:19.4108636Z","external_id":"homepageLogoList","name":"Homepage Logo List","content_groups":[],"elements":[{"maximum_text_length":null,"validation_regex":null,"default":null,"name":"Name","guidelines":null,"is_required":false,"type":"text","external_id":"homepageLogoList-name","id":"cc14d44e-3b35-5bc8-b5ab-fda63c5ae6f7","codename":"name","is_non_localizable":false},{"maximum_text_length":null,"validation_regex":null,"default":null,"name":"Text","guidelines":null,"is_required":false,"type":"text","external_id":"homepageLogoList-text","id":"44474612-7bd5-5587-9902-c321b261d841","codename":"text","is_non_localizable":false},{"item_count_limit":null,"allowed_content_types":[],"default":null,"name":"Logos","guidelines":null,"is_required":false,"type":"modular_content","external_id":"homepageLogoList-logos","id":"ec3cdf66-88cf-5543-adc3-8a2b2fbd19e6","codename":"logos","is_non_localizable":false}]},{"id":"73a18778-fd3d-56b3-a8d7-be35834a8b11","codename":"homepage_benefit","last_modified":"2022-05-11T11:20:19.1530963Z","external_id":"homepageBenefit","name":"Homepage Benefit","content_groups":[],"elements":[{"asset_count_limit":null,"maximum_file_size":null,"allowed_file_types":"any","image_width_limit":null,"image_height_limit":null,"default":null,"name":"Image","guidelines":null,"is_required":false,"type":"asset","external_id":"homepageBenefit-image","id":"a5256390-7bda-54e6-ba28-31be6c5fc28b","codename":"image","is_non_localizable":false},{"maximum_text_length":null,"validation_regex":null,"default":null,"name":"Heading","guidelines":null,"is_required":false,"type":"text","external_id":"homepageBenefit-heading","id":"2154f645-a6e2-5681-a0b1-fcf54b3cc633","codename":"heading","is_non_localizable":false},{"maximum_text_length":null,"validation_regex":null,"default":null,"name":"Text","guidelines":null,"is_required":false,"type":"text","external_id":"homepageBenefit-text","id":"9a285ffb-3eda-54f9-87de-822f17a9ea41","codename":"text","is_non_localizable":false}]},{"id":"c81edd10-5eb0-57f7-8365-15abdb272864","codename":"homepage_link_group","last_modified":"2022-05-11T11:20:22.7228917Z","external_id":"homepageLinkGroup","name":"Homepage Link Group","content_groups":[],"elements":[{"maximum_text_length":null,"validation_regex":null,"default":null,"name":"Name","guidelines":null,"is_required":false,"type":"text","external_id":"homepageLinkGroup-name","id":"ac898ad7-7dc9-54b2-a898-7d5898278a18","codename":"name","is_non_localizable":false},{"item_count_limit":null,"allowed_content_types":[],"default":null,"name":"Links","guidelines":null,"is_required":false,"type":"modular_content","external_id":"homepageLinkGroup-links","id":"9624c2f7-9f31-589a-9464-226e29486b40","codename":"links","is_non_localizable":false}]},{"id":"811f05ca-e12c-5997-bf26-6d76b39d04a0","codename":"layout","last_modified":"2022-05-11T11:20:20.1871004Z","external_id":"layout","name":"Layout","content_groups":[],"elements":[{"maximum_text_length":null,"validation_regex":null,"default":null,"name":"name","guidelines":null,"is_required":false,"type":"text","external_id":"layout-name","id":"21fa0e6b-6f06-5edc-9507-de883bdc4c1d","codename":"name","is_non_localizable":false},{"item_count_limit":null,"allowed_content_types":[],"default":null,"name":"Header","guidelines":"[\n  {\n    \"linkContentType\": [\n      \"layoutHeader\"\n    ]\n  }\n]","is_required":false,"type":"modular_content","external_id":"layout-header","id":"d7b955dc-afd5-56ec-af22-a23d30c0b25f","codename":"header","is_non_localizable":false},{"item_count_limit":null,"allowed_content_types":[],"default":null,"name":"Footer","guidelines":"[\n  {\n    \"linkContentType\": [\n      \"layoutFooter\"\n    ]\n  }\n]","is_required":false,"type":"modular_content","external_id":"layout-footer","id":"7c108d0e-56aa-572a-8fd1-08b936958144","codename":"footer","is_non_localizable":false}]},{"id":"b2d91f54-991e-5d81-a30d-443c08231442","codename":"about_profile","last_modified":"2022-05-11T11:20:22.2235036Z","external_id":"aboutProfile","name":"About Profile","content_groups":[],"elements":[{"asset_count_limit":null,"maximum_file_size":null,"allowed_file_types":"any","image_width_limit":null,"image_height_limit":null,"default":null,"name":"Image","guidelines":null,"is_required":false,"type":"asset","external_id":"aboutProfile-image","id":"b9193c3e-9333-5fa7-93c6-75cb4e2d53cf","codename":"image","is_non_localizable":false},{"maximum_text_length":null,"validation_regex":null,"default":null,"name":"Name","guidelines":null,"is_required":false,"type":"text","external_id":"aboutProfile-name","id":"1618cd3c-c994-5b07-a1ef-5932563aed4a","codename":"name","is_non_localizable":false},{"maximum_text_length":null,"validation_regex":null,"default":null,"name":"Job Title","guidelines":null,"is_required":false,"type":"text","external_id":"aboutProfile-jobTitle","id":"333f16d8-ea85-5f05-8d36-617dd395ebff","codename":"job_title","is_non_localizable":false}]},{"id":"1d6d84e8-4870-5e6e-a2e6-a3b36c5728fa","codename":"homepage_logo","last_modified":"2022-05-11T11:20:19.9205846Z","external_id":"homepageLogo","name":"Homepage Logo","content_groups":[],"elements":[{"asset_count_limit":null,"maximum_file_size":null,"allowed_file_types":"any","image_width_limit":null,"image_height_limit":null,"default":null,"name":"Image","guidelines":null,"is_required":false,"type":"asset","external_id":"homepageLogo-image","id":"a6fb4ac4-14b2-5fd5-8227-bd2db2d21e11","codename":"image","is_non_localizable":false},{"maximum_text_length":null,"validation_regex":null,"default":null,"name":"Alt","guidelines":null,"is_required":false,"type":"text","external_id":"homepageLogo-alt","id":"eaf77793-ce03-5bd2-b860-66b0738e6715","codename":"alt","is_non_localizable":false}]},{"id":"053ffa39-da52-5e42-a3e9-7efc69b21f15","codename":"homepage_banner","last_modified":"2022-05-11T11:20:22.4626028Z","external_id":"homepageBanner","name":"Homepage Banner","content_groups":[],"elements":[{"maximum_text_length":null,"validation_regex":null,"default":null,"name":"Heading","guidelines":null,"is_required":false,"type":"text","external_id":"homepageBanner-heading","id":"b72b60a4-10c8-57d9-961f-5c4efe9fcac9","codename":"heading","is_non_localizable":false},{"maximum_text_length":null,"validation_regex":null,"default":null,"name":"Text","guidelines":null,"is_required":false,"type":"text","external_id":"homepageBanner-text","id":"c78f201b-592a-5b91-9932-535fe72b20ec","codename":"text","is_non_localizable":false}]},{"id":"7ab78a1b-1923-57f8-81bd-8b1099c47a6f","codename":"homepage_feature_list","last_modified":"2022-05-11T11:20:20.5381689Z","external_id":"homepageFeatureList","name":"Homepage Feature List","content_groups":[],"elements":[{"maximum_text_length":null,"validation_regex":null,"default":null,"name":"Kicker","guidelines":null,"is_required":false,"type":"text","external_id":"homepageFeatureList-kicker","id":"93c9a63e-14e4-5c53-a3b6-477c65484aa3","codename":"kicker","is_non_localizable":false},{"maximum_text_length":null,"validation_regex":null,"default":null,"name":"Heading","guidelines":null,"is_required":false,"type":"text","external_id":"homepageFeatureList-heading","id":"eb92445f-ce2b-509f-971d-aa3d0bb0890e","codename":"heading","is_non_localizable":false},{"maximum_text_length":null,"validation_regex":null,"default":null,"name":"Text","guidelines":null,"is_required":false,"type":"text","external_id":"homepageFeatureList-text","id":"2e695e21-589c-5445-9637-7fef2923bd87","codename":"text","is_non_localizable":false},{"item_count_limit":null,"allowed_content_types":[],"default":null,"name":"Content","guidelines":null,"is_required":false,"type":"modular_content","external_id":"homepageFeatureList-content","id":"23ed7f08-98eb-5e36-93b8-b07d4abf33e8","codename":"content","is_non_localizable":false}]},{"id":"29a52b36-9a1b-5c73-bf6b-a21f6ffd86b2","codename":"about_hero","last_modified":"2022-05-11T11:20:20.5425879Z","external_id":"aboutHero","name":"About Hero","content_groups":[],"elements":[{"maximum_text_length":null,"validation_regex":null,"default":null,"name":"Heading","guidelines":null,"is_required":false,"type":"text","external_id":"aboutHero-heading","id":"6c0fb025-760a-5915-946f-321024e32181","codename":"heading","is_non_localizable":false},{"maximum_text_length":null,"validation_regex":null,"default":null,"name":"Text","guidelines":null,"is_required":false,"type":"text","external_id":"aboutHero-text","id":"84ac8f78-dace-5b16-b886-656e365a8c95","codename":"text","is_non_localizable":false},{"asset_count_limit":null,"maximum_file_size":null,"allowed_file_types":"any","image_width_limit":null,"image_height_limit":null,"default":null,"name":"Image","guidelines":null,"is_required":false,"type":"asset","external_id":"aboutHero-image","id":"88099758-b547-50d4-84b4-b5c7907287b6","codename":"image","is_non_localizable":false}]},{"id":"cceca793-9912-505a-89cf-37eb2881936a","codename":"homepage_feature","last_modified":"2022-05-11T11:20:17.7557488Z","external_id":"homepageFeature","name":"Homepage Feature","content_groups":[],"elements":[{"asset_count_limit":null,"maximum_file_size":null,"allowed_file_types":"any","image_width_limit":null,"image_height_limit":null,"default":null,"name":"Image","guidelines":null,"is_required":false,"type":"asset","external_id":"homepageFeature-image","id":"7c566fa6-afe8-58dc-8375-86433c8f1217","codename":"image","is_non_localizable":false},{"maximum_text_length":null,"validation_regex":null,"default":null,"name":"Kicker","guidelines":null,"is_required":false,"type":"text","external_id":"homepageFeature-kicker","id":"c95fb04c-f75a-5a7b-9e2d-8e4124cd8323","codename":"kicker","is_non_localizable":false},{"maximum_text_length":null,"validation_regex":null,"default":null,"name":"Heading","guidelines":null,"is_required":false,"type":"text","external_id":"homepageFeature-heading","id":"fc299460-f493-5f9a-830e-a14b5e8484df","codename":"heading","is_non_localizable":false},{"maximum_text_length":null,"validation_regex":null,"default":null,"name":"Text","guidelines":null,"is_required":false,"type":"text","external_id":"homepageFeature-text","id":"337909cd-6be8-565b-b858-5aa66e1dbc0b","codename":"text","is_non_localizable":false},{"item_count_limit":null,"allowed_content_types":[],"default":null,"name":"Links","guidelines":null,"is_required":false,"type":"modular_content","external_id":"homepageFeature-links","id":"172f3f48-8fb0-5d7c-a4cd-a66a9a3a1a0d","codename":"links","is_non_localizable":false}]},{"id":"5f02e921-31c7-5f5d-aba3-14d3b9b90dcb","codename":"page","last_modified":"2022-05-11T11:20:20.5430165Z","external_id":"page","name":"Page","content_groups":[],"elements":[{"maximum_text_length":null,"validation_regex":null,"default":null,"name":"title","guidelines":null,"is_required":false,"type":"text","external_id":"page-title","id":"91d603b9-29b8-5f06-a9b5-8235a0c7767e","codename":"title","is_non_localizable":false},{"maximum_text_length":null,"validation_regex":null,"default":null,"name":"slug","guidelines":"[\n  {\n    \"unique\": true\n  },\n  {\n    \"regexp\": {\n      \"pattern\": \"^[a-zA-Z0-9\\\\/_-]*$\",\n      \"flags\": null\n    }\n  }\n]","is_required":false,"type":"text","external_id":"page-slug","id":"3f7e7223-37cb-5a5c-a83a-e039ff4b151d","codename":"slug","is_non_localizable":false},{"maximum_text_length":null,"validation_regex":null,"default":null,"name":"description","guidelines":null,"is_required":false,"type":"text","external_id":"page-description","id":"b7de4527-26e4-5327-8c38-87b17cb55361","codename":"description","is_non_localizable":false},{"asset_count_limit":null,"maximum_file_size":null,"allowed_file_types":"any","image_width_limit":null,"image_height_limit":null,"default":null,"name":"Image","guidelines":null,"is_required":false,"type":"asset","external_id":"page-image","id":"e97f403f-5ebe-5986-b64a-48fe57628344","codename":"image","is_non_localizable":false},{"maximum_text_length":null,"maximum_image_size":null,"allowed_content_types":[],"allowed_item_link_types":[],"image_width_limit":null,"image_height_limit":null,"allowed_image_types":"any","allowed_blocks":[],"allowed_formatting":[],"allowed_text_blocks":[],"allowed_table_blocks":[],"allowed_table_formatting":[],"allowed_table_text_blocks":[],"name":"Body","guidelines":"[\n  {\n    \"enabledMarks\": [\n      \"bold\",\n      \"italic\",\n      \"underline\",\n      \"code\"\n    ],\n    \"message\": \"Only bold, italic, underline, and code marks are allowed\"\n  },\n  {\n    \"enabledNodeTypes\": [\n      \"heading-1\",\n      \"heading-2\",\n      \"heading-3\",\n      \"heading-4\",\n      \"heading-5\",\n      \"heading-6\",\n      \"ordered-list\",\n      \"unordered-list\",\n      \"hr\",\n      \"blockquote\",\n      \"embedded-entry-block\",\n      \"embedded-asset-block\",\n      \"hyperlink\",\n      \"entry-hyperlink\",\n      \"asset-hyperlink\",\n      \"embedded-entry-inline\"\n    ],\n    \"message\": \"Only heading 1, heading 2, heading 3, heading 4, heading 5, heading 6, ordered list, unordered list, horizontal rule, quote, block entry, asset, link to Url, link to entry, link to asset, and inline entry nodes are allowed\"\n  },\n  {\n    \"nodes\": {}\n  }\n]","is_required":false,"type":"rich_text","external_id":"page-body","id":"7bf28713-b927-5523-88fe-ba757948e0e7","codename":"body","is_non_localizable":false}]},{"id":"7470e9d3-f2ae-5538-aa69-1469b6e91b8f","codename":"homepage_hero","last_modified":"2022-05-11T11:20:17.755733Z","external_id":"homepageHero","name":"Homepage Hero","content_groups":[],"elements":[{"maximum_text_length":null,"validation_regex":null,"default":null,"name":"Kicker","guidelines":null,"is_required":false,"type":"text","external_id":"homepageHero-kicker","id":"ae90d752-ebcf-5ab3-8d3e-0b369cf101e2","codename":"kicker","is_non_localizable":false},{"maximum_text_length":null,"validation_regex":null,"default":null,"name":"Heading","guidelines":null,"is_required":false,"type":"text","external_id":"homepageHero-heading","id":"3e631a72-22d0-5522-aaf1-aa42d7cf242b","codename":"heading","is_non_localizable":false},{"maximum_text_length":null,"validation_regex":null,"default":null,"name":"Subhead","guidelines":null,"is_required":false,"type":"text","external_id":"homepageHero-subhead","id":"5c9f2006-6baf-5201-814c-f57b692222b0","codename":"subhead","is_non_localizable":false},{"asset_count_limit":null,"maximum_file_size":null,"allowed_file_types":"any","image_width_limit":null,"image_height_limit":null,"default":null,"name":"Image","guidelines":null,"is_required":false,"type":"asset","external_id":"homepageHero-image","id":"a408f68f-f3a3-568e-813a-02e5f58f8237","codename":"image","is_non_localizable":false},{"maximum_text_length":null,"validation_regex":null,"default":null,"name":"Text","guidelines":null,"is_required":false,"type":"text","external_id":"homepageHero-text","id":"f5b62cc2-2961-59b6-838e-dbbc4e8fb802","codename":"text","is_non_localizable":false},{"item_count_limit":null,"allowed_content_types":[],"default":null,"name":"Links","guidelines":null,"is_required":false,"type":"modular_content","external_id":"homepageHero-links","id":"761aa669-c20b-5163-9b73-9b6387c8b934","codename":"links","is_non_localizable":false}]},{"id":"2f880711-7db2-5faf-9e9c-fe300fe6e33c","codename":"homepage_benefit_list","last_modified":"2022-05-11T11:20:19.4153715Z","external_id":"homepageBenefitList","name":"Homepage Benefit List","content_groups":[],"elements":[{"maximum_text_length":null,"validation_regex":null,"default":null,"name":"Heading","guidelines":null,"is_required":false,"type":"text","external_id":"homepageBenefitList-heading","id":"65eb9762-eebd-5b7c-a14c-7b8c105960ef","codename":"heading","is_non_localizable":false},{"maximum_text_length":null,"validation_regex":null,"default":null,"name":"Text","guidelines":null,"is_required":false,"type":"text","external_id":"homepageBenefitList-text","id":"82dca37a-460f-5a7a-a270-5422f8d07814","codename":"text","is_non_localizable":false},{"maximum_text_length":null,"validation_regex":null,"default":null,"name":"Name","guidelines":null,"is_required":false,"type":"text","external_id":"homepageBenefitList-name","id":"976e5ec8-8bf3-5e8a-bf56-3f58dcc74c4e","codename":"name","is_non_localizable":false},{"item_count_limit":null,"allowed_content_types":[],"default":null,"name":"Content","guidelines":null,"is_required":false,"type":"modular_content","external_id":"homepageBenefitList-content","id":"9afefbf0-0f69-5b90-bb9c-887742dc8af4","codename":"content","is_non_localizable":false}]},{"id":"dec8bd17-9c90-5bde-bf90-cd85e5aafa49","codename":"about_stat","last_modified":"2022-05-11T11:20:20.1797408Z","external_id":"aboutNumbers","name":"About Stat","content_groups":[],"elements":[{"maximum_text_length":null,"validation_regex":null,"default":null,"name":"Value","guidelines":null,"is_required":false,"type":"text","external_id":"aboutNumbers-value","id":"68135a7c-a188-5cce-873d-3a6b5540c010","codename":"value","is_non_localizable":false},{"maximum_text_length":null,"validation_regex":null,"default":null,"name":"Label","guidelines":null,"is_required":false,"type":"text","external_id":"aboutNumbers-label","id":"2e354b48-bc83-5949-a8ef-5ce1837310ac","codename":"label","is_non_localizable":false}]},{"id":"eb40fbdf-fb24-5821-9505-7c25d45771e7","codename":"homepage_testimonial","last_modified":"2022-05-11T11:20:17.7557761Z","external_id":"homepageTestimonial","name":"Homepage Testimonial","content_groups":[],"elements":[{"maximum_text_length":null,"validation_regex":null,"default":null,"name":"Quote","guidelines":null,"is_required":false,"type":"text","external_id":"homepageTestimonial-quote","id":"69578e85-835b-5e0d-a745-d6eec3751299","codename":"quote","is_non_localizable":false},{"maximum_text_length":null,"validation_regex":null,"default":null,"name":"Source","guidelines":null,"is_required":false,"type":"text","external_id":"homepageTestimonial-source","id":"90ce1e7d-eae4-5b63-b9dd-6f97d4a1a175","codename":"source","is_non_localizable":false},{"asset_count_limit":null,"maximum_file_size":null,"allowed_file_types":"any","image_width_limit":null,"image_height_limit":null,"default":null,"name":"Avatar","guidelines":null,"is_required":false,"type":"asset","external_id":"homepageTestimonial-avatar","id":"91f46c94-6aa2-58f2-b040-e767792f941e","codename":"avatar","is_non_localizable":false}]},{"id":"1ddf3c07-de93-5303-834b-0946888667f8","codename":"homepage_stat_list","last_modified":"2022-05-11T11:20:20.1800122Z","external_id":"homepageStatList","name":"Homepage Stat List","content_groups":[],"elements":[{"maximum_text_length":null,"validation_regex":null,"default":null,"name":"Kicker","guidelines":null,"is_required":false,"type":"text","external_id":"homepageStatList-kicker","id":"b86aaef7-9e99-5c9e-96bd-40d23645216f","codename":"kicker","is_non_localizable":false},{"maximum_text_length":null,"validation_regex":null,"default":null,"name":"Heading","guidelines":null,"is_required":false,"type":"text","external_id":"homepageStatList-heading","id":"0065a39d-a844-54a2-97f6-56632e4b32d5","codename":"heading","is_non_localizable":false},{"maximum_text_length":null,"validation_regex":null,"default":null,"name":"Text","guidelines":null,"is_required":false,"type":"text","external_id":"homepageStatList-text","id":"21219f46-e4ec-5813-a71c-094ad4e19933","codename":"text","is_non_localizable":false},{"item_count_limit":null,"allowed_content_types":[],"default":null,"name":"Content","guidelines":null,"is_required":false,"type":"modular_content","external_id":"homepageStatList-content","id":"815e47f4-faa5-57e1-8ae6-38b7e2bddbab","codename":"content","is_non_localizable":false},{"asset_count_limit":null,"maximum_file_size":null,"allowed_file_types":"any","image_width_limit":null,"image_height_limit":null,"default":null,"name":"Image","guidelines":null,"is_required":false,"type":"asset","external_id":"homepageStatList-image","id":"5badd69d-02cf-51c5-82e0-fc7433b31036","codename":"image","is_non_localizable":false},{"asset_count_limit":null,"maximum_file_size":null,"allowed_file_types":"any","image_width_limit":null,"image_height_limit":null,"default":null,"name":"Icon","guidelines":null,"is_required":false,"type":"asset","external_id":"homepageStatList-icon","id":"bd1b32ba-cc6a-5d44-bfa9-74265548f499","codename":"icon","is_non_localizable":false},{"maximum_text_length":null,"validation_regex":null,"default":null,"name":"Name","guidelines":null,"is_required":false,"type":"text","external_id":"homepageStatList-name","id":"6eb0062c-4492-5eef-ad93-a3b25ee092cb","codename":"name","is_non_localizable":false},{"item_count_limit":null,"allowed_content_types":[],"default":null,"name":"Links","guidelines":null,"is_required":false,"type":"modular_content","external_id":"homepageStatList-links","id":"4b76ec36-802f-58dd-a674-b35d52e0aac5","codename":"links","is_non_localizable":false}]}]