[{"id":"4eb70160-d017-5fa1-ac63-e99d38ce5e93","name":"Privacy Policy","codename":"privacy_policy_4eb7016","type":{"id":"5f02e921-31c7-5f5d-aba3-14d3b9b90dcb"},"collection":{"id":"00000000-0000-0000-0000-000000000000"},"sitemap_locations":[],"external_id":"1rLoH2bgGVcxgx0o7pyTQ8","last_modified":"2022-05-11T11:20:31.8614326Z"},{"id":"8ad06c87-3ac1-5188-acd7-961ac13dc2e0","name":"Terms & Conditions","codename":"terms___conditions","type":{"id":"5f02e921-31c7-5f5d-aba3-14d3b9b90dcb"},"collection":{"id":"00000000-0000-0000-0000-000000000000"},"sitemap_locations":[],"external_id":"7p0ycs7XWe7HBmxyEsrPwx","last_modified":"2022-05-11T11:20:31.8625047Z"},{"id":"9efb84eb-945e-5682-85e8-77373aa5ee53","name":"GitHub","codename":"github","type":{"id":"2778a3c4-0f2d-5bda-94d2-339ac6dc5390"},"collection":{"id":"00000000-0000-0000-0000-000000000000"},"sitemap_locations":[],"external_id":"4eLpBsaJRRAjQlEFp9dfn0","last_modified":"2022-05-11T11:20:25.5330825Z"},{"id":"5541fa1b-8858-595d-9cbf-95a3388acc1b","name":"Deploy Now","codename":"deploy_now","type":{"id":"2778a3c4-0f2d-5bda-94d2-339ac6dc5390"},"collection":{"id":"00000000-0000-0000-0000-000000000000"},"sitemap_locations":[],"external_id":"2r9gR9MTF4AIyyr6RE7Ou1","last_modified":"2022-05-11T11:20:25.5330165Z"},{"id":"5bc5878e-0c6b-58f4-88a8-0e7904e0ac42","name":"Learn more","codename":"learn_more","type":{"id":"2778a3c4-0f2d-5bda-94d2-339ac6dc5390"},"collection":{"id":"00000000-0000-0000-0000-000000000000"},"sitemap_locations":[],"external_id":"2D4nagqHSydUPRZEm8RgeP","last_modified":"2022-05-11T11:20:25.5333775Z"},{"id":"13e64fb1-f7bb-52a7-b032-1b7edd1c4d30","name":"Zero downtime","codename":"zero_downtime","type":{"id":"73a18778-fd3d-56b3-a8d7-be35834a8b11"},"collection":{"id":"00000000-0000-0000-0000-000000000000"},"sitemap_locations":[],"external_id":"1CnTrUmN5ebFi779fuSdY3","last_modified":"2022-05-11T11:20:25.5332278Z"},{"id":"60846709-6ccc-55d8-9c6a-afc948322a1a","name":"Automate everything","codename":"automate_everything","type":{"id":"73a18778-fd3d-56b3-a8d7-be35834a8b11"},"collection":{"id":"00000000-0000-0000-0000-000000000000"},"sitemap_locations":[],"external_id":"4MwM1Tj0WO5GmlVt46Lvn9","last_modified":"2022-05-11T11:20:25.5330585Z"},{"id":"a332ee95-e70e-52f4-a784-6c750e5ba421","name":"sectetur adipiscing elit, sed do eiusmod tempor incididunt ut labore et dolore magna aliqua. Ut enim ad minim veniam, quis nostrud exercitation ullamco laboris nisi ut aliquip ex ea commodo consequat.","codename":"sectetur_adipiscing_elit__sed_do_eiusmod_tempor_in","type":{"id":"eb40fbdf-fb24-5821-9505-7c25d45771e7"},"collection":{"id":"00000000-0000-0000-0000-000000000000"},"sitemap_locations":[],"external_id":"1I40kezwDes58D6wHd9IVc","last_modified":"2022-05-11T11:20:26.1797489Z"},{"id":"47d74700-84a3-5212-bf6f-a8a6a478c578","name":"256","codename":"n256","type":{"id":"72f68a67-0a14-5585-a6c8-c7f1416d45b0"},"collection":{"id":"00000000-0000-0000-0000-000000000000"},"sitemap_locations":[],"external_id":"HkclkRliQlVk7CCHn9PvH","last_modified":"2022-05-11T11:20:26.1808816Z"},{"id":"b5904d9e-0f9b-55c9-a629-a3c382704d8b","name":"Lorem ipsum dolor sit amet, consectetur adipiscing elit, sed do eiusmod tempor incididunt ut labore et dolore magna aliqua.","codename":"lorem_ipsum_dolor_sit_amet__consectetur_adipiscing","type":{"id":"eb40fbdf-fb24-5821-9505-7c25d45771e7"},"collection":{"id":"00000000-0000-0000-0000-000000000000"},"sitemap_locations":[],"external_id":"307xUoEYu7t06cXIJ2RErn","last_modified":"2022-05-11T11:20:26.1837087Z"},{"id":"8b5a4434-d60d-5285-8ed2-8aa049228bcb","name":"100%","codename":"n100_","type":{"id":"72f68a67-0a14-5585-a6c8-c7f1416d45b0"},"collection":{"id":"00000000-0000-0000-0000-000000000000"},"sitemap_locations":[],"external_id":"2PrvDIAw0vftBjBcUYkHTB","last_modified":"2022-05-11T11:20:26.1853647Z"},{"id":"de663992-73ce-5030-b620-81b7f9b23893","name":"Never pay for a homepage again","codename":"never_pay_for_a_homepage_again","type":{"id":"73a18778-fd3d-56b3-a8d7-be35834a8b11"},"collection":{"id":"00000000-0000-0000-0000-000000000000"},"sitemap_locations":[],"external_id":"1u2PopHTz5ipSc3fQXX5Mc","last_modified":"2022-05-11T11:20:26.1788434Z"},{"id":"7e0749ee-4732-528f-a168-dd9233b46b97","name":"Products","codename":"products","type":{"id":"2778a3c4-0f2d-5bda-94d2-339ac6dc5390"},"collection":{"id":"00000000-0000-0000-0000-000000000000"},"sitemap_locations":[],"external_id":"5gpn4I7xUQBhBaLtlp1Mug","last_modified":"2022-05-11T11:20:26.8516788Z"},{"id":"e3bc0bca-f65f-5b44-81b6-5947d2c9f138","name":"10k","codename":"n10k","type":{"id":"72f68a67-0a14-5585-a6c8-c7f1416d45b0"},"collection":{"id":"00000000-0000-0000-0000-000000000000"},"sitemap_locations":[],"external_id":"PUNOn4ew5JyYX0i2O18yH","last_modified":"2022-05-11T11:20:26.8527609Z"},{"id":"99eed6ef-1040-5b6e-ae12-26f788582d15","name":"Community","codename":"community","type":{"id":"2778a3c4-0f2d-5bda-94d2-339ac6dc5390"},"collection":{"id":"00000000-0000-0000-0000-000000000000"},"sitemap_locations":[],"external_id":"4y61mZATwIjGFvwqZ24yk9","last_modified":"2022-05-11T11:20:26.8531759Z"},{"id":"51c24f4d-e35c-5d21-b192-7f5301fbf20e","name":"Deploy Now","codename":"deploy_now_51c24f4","type":{"id":"2778a3c4-0f2d-5bda-94d2-339ac6dc5390"},"collection":{"id":"00000000-0000-0000-0000-000000000000"},"sitemap_locations":[],"external_id":"2QNQHF26ownVtAWcnMlzJK","last_modified":"2022-05-11T11:20:26.8543377Z"},{"id":"6b905b13-c85f-58e3-8db3-4d2011f92f8c","name":"GitHub","codename":"github_6b905b1","type":{"id":"2778a3c4-0f2d-5bda-94d2-339ac6dc5390"},"collection":{"id":"00000000-0000-0000-0000-000000000000"},"sitemap_locations":[],"external_id":"22cnGFDGQqBZETnq91IeVk","last_modified":"2022-05-11T11:20:26.8723434Z"},{"id":"0c221cec-b42b-5ea4-bb4d-1e5bcedde7af","name":"Pricing","codename":"pricing","type":{"id":"2778a3c4-0f2d-5bda-94d2-339ac6dc5390"},"collection":{"id":"00000000-0000-0000-0000-000000000000"},"sitemap_locations":[],"external_id":"33qGOc6goIzYM1BqOrTGVT","last_modified":"2022-05-11T11:20:27.5775341Z"},{"id":"f26521cd-e3c5-540f-8adc-a76ca548f820","name":"Sign Up","codename":"sign_up","type":{"id":"2778a3c4-0f2d-5bda-94d2-339ac6dc5390"},"collection":{"id":"00000000-0000-0000-0000-000000000000"},"sitemap_locations":[],"external_id":"jlXcUdWMkXGQxIjkKnLSU","last_modified":"2022-05-11T11:20:27.5847506Z"},{"id":"553c372d-8c9c-52ef-9970-4cdf60aa0880","name":"Blog","codename":"blog","type":{"id":"2778a3c4-0f2d-5bda-94d2-339ac6dc5390"},"collection":{"id":"00000000-0000-0000-0000-000000000000"},"sitemap_locations":[],"external_id":"2qKKtPQgqbAOKH34uLew1Z","last_modified":"2022-05-11T11:20:27.5847182Z"},{"id":"cd4f1a6f-d6e1-511e-85bd-9422d16ce798","name":"GITHUB","codename":"github_cd4f1a6","type":{"id":"ac7783dd-adfb-5c88-9efc-a172ace4dad5"},"collection":{"id":"00000000-0000-0000-0000-000000000000"},"sitemap_locations":[],"external_id":"1bzMsQqOQWHb6SFEgH9UXr","last_modified":"2022-05-11T11:20:27.5847182Z"},{"id":"5b5e654c-5af2-5ddd-9195-34217353f0d5","name":"About","codename":"about","type":{"id":"2778a3c4-0f2d-5bda-94d2-339ac6dc5390"},"collection":{"id":"00000000-0000-0000-0000-000000000000"},"sitemap_locations":[],"external_id":"6veWSIdKgjAiZYvLskhYNz","last_modified":"2022-05-11T11:20:27.5964645Z"},{"id":"5520913f-78f0-597e-96a4-924c109feb02","name":"Circuitz","codename":"circuitz","type":{"id":"1d6d84e8-4870-5e6e-a2e6-a3b36c5728fa"},"collection":{"id":"00000000-0000-0000-0000-000000000000"},"sitemap_locations":[],"external_id":"5O8a7LFl1AGVn21PvG7JnN","last_modified":"2022-05-11T11:20:28.0399511Z"},{"id":"f472f9f0-2170-5384-940d-1159c24b5aaf","name":"Chatte","codename":"chatte","type":{"id":"1d6d84e8-4870-5e6e-a2e6-a3b36c5728fa"},"collection":{"id":"00000000-0000-0000-0000-000000000000"},"sitemap_locations":[],"external_id":"1Cw1Pzla2UoVcVy8CtSQgW","last_modified":"2022-05-11T11:20:28.0403131Z"},{"id":"643b04b0-5dee-5f85-bfc8-3cd851901859","name":"TWITTER","codename":"twitter","type":{"id":"ac7783dd-adfb-5c88-9efc-a172ace4dad5"},"collection":{"id":"00000000-0000-0000-0000-000000000000"},"sitemap_locations":[],"external_id":"46nYH2SuEu663vZZBh4mlt","last_modified":"2022-05-11T11:20:28.0509395Z"},{"id":"e825fb91-2b19-515e-93e5-730b3b91d06a","name":"Terms","codename":"terms","type":{"id":"2778a3c4-0f2d-5bda-94d2-339ac6dc5390"},"collection":{"id":"00000000-0000-0000-0000-000000000000"},"sitemap_locations":[],"external_id":"7rzbOVPidT6aaj5X69Wag2","last_modified":"2022-05-11T11:20:28.0467624Z"},{"id":"58d0eed3-c1cd-5505-997d-2f9795c923e7","name":"Feature","codename":"feature","type":{"id":"cceca793-9912-505a-89cf-37eb2881936a"},"collection":{"id":"00000000-0000-0000-0000-000000000000"},"sitemap_locations":[],"external_id":"6zSKTZEftRPRCwJUnCabtr","last_modified":"2022-05-11T11:20:28.0522455Z"},{"id":"753fac1b-c6be-539b-bcf9-974a893f051e","name":"Feature List","codename":"feature_list","type":{"id":"7ab78a1b-1923-57f8-81bd-8b1099c47a6f"},"collection":{"id":"00000000-0000-0000-0000-000000000000"},"sitemap_locations":[],"external_id":"4kqp7xq4OJJjUzj8xFn0Qi","last_modified":"2022-05-11T11:20:28.7713173Z"},{"id":"baaf3eca-f7b3-5111-bdb2-df27c157171f","name":"Funtendo","codename":"funtendo","type":{"id":"1d6d84e8-4870-5e6e-a2e6-a3b36c5728fa"},"collection":{"id":"00000000-0000-0000-0000-000000000000"},"sitemap_locations":[],"external_id":"24jYp6yHUbL0fzfGcDX64Z","last_modified":"2022-05-11T11:20:28.783525Z"},{"id":"014737c6-734f-5d9b-89df-77db49c94c58","name":"Foobank","codename":"foobank","type":{"id":"1d6d84e8-4870-5e6e-a2e6-a3b36c5728fa"},"collection":{"id":"00000000-0000-0000-0000-000000000000"},"sitemap_locations":[],"external_id":"2JR3oqAVX1piHeqafX3J0r","last_modified":"2022-05-11T11:20:28.7989419Z"},{"id":"b2397857-2752-58ee-bebb-a54c5322c8ab","name":"Privacy Policy","codename":"privacy_policy","type":{"id":"2778a3c4-0f2d-5bda-94d2-339ac6dc5390"},"collection":{"id":"00000000-0000-0000-0000-000000000000"},"sitemap_locations":[],"external_id":"6lRTAzO5iJvG3pNyuxS4hH","last_modified":"2022-05-11T11:20:28.8039194Z"},{"id":"c862e93d-2955-5359-aade-36ebca652184","name":"Automate everything","codename":"automate_everything_c862e93","type":{"id":"73a18778-fd3d-56b3-a8d7-be35834a8b11"},"collection":{"id":"00000000-0000-0000-0000-000000000000"},"sitemap_locations":[],"external_id":"29FZ9n1BsU1581telq0BZw","last_modified":"2022-05-11T11:20:28.7848985Z"},{"id":"d4581d32-2085-5117-a809-05ab935f7559","name":"Stay dry","codename":"stay_dry","type":{"id":"73a18778-fd3d-56b3-a8d7-be35834a8b11"},"collection":{"id":"00000000-0000-0000-0000-000000000000"},"sitemap_locations":[],"external_id":"wbmlvKVS92206Yr7BIWJc","last_modified":"2022-05-11T11:20:29.4901031Z"},{"id":"a092b42f-cfc2-50b7-9559-cfd66705bcda","name":"Learn more","codename":"learn_more_a092b42","type":{"id":"2778a3c4-0f2d-5bda-94d2-339ac6dc5390"},"collection":{"id":"00000000-0000-0000-0000-000000000000"},"sitemap_locations":[],"external_id":"7jPIyZ8HyQpL6rbdXDcZkB","last_modified":"2022-05-11T11:20:29.4908823Z"},{"id":"4644d33a-04b4-595d-883b-7530a69a047c","name":"sectetur adipiscing elit, sed do eiusmod tempor incididunt ut labore et dolore magna aliqua. Ut enim ad minim veniam, quis nostrud exercitation ullamco laboris nisi ut aliquip ex ea commodo consequat.","codename":"sectetur_adipiscing_elit__sed_do_eiusmod_tempor_in_4644d33","type":{"id":"eb40fbdf-fb24-5821-9505-7c25d45771e7"},"collection":{"id":"00000000-0000-0000-0000-000000000000"},"sitemap_locations":[],"external_id":"3lscghzCK1oEzs9Rs3Qbjs","last_modified":"2022-05-11T11:20:29.505724Z"},{"id":"c3b5edf0-5f89-59ff-87fe-12f12e30295e","name":"Deezii","codename":"deezii","type":{"id":"1d6d84e8-4870-5e6e-a2e6-a3b36c5728fa"},"collection":{"id":"00000000-0000-0000-0000-000000000000"},"sitemap_locations":[],"external_id":"3iYXy2r5pPdblrMWPs7v2t","last_modified":"2022-05-11T11:20:29.4933813Z"},{"id":"b9515416-47c0-5fc0-bc05-c59b7e8a487b","name":"Stay in the loop","codename":"stay_in_the_loop","type":{"id":"73a18778-fd3d-56b3-a8d7-be35834a8b11"},"collection":{"id":"00000000-0000-0000-0000-000000000000"},"sitemap_locations":[],"external_id":"JXP4ZSuOFRnvFXbvByFew","last_modified":"2022-05-11T11:20:29.4955632Z"},{"id":"5f929b31-eb15-5d99-8dd9-4a26822ecedf","name":"YOUTUBE","codename":"youtube","type":{"id":"ac7783dd-adfb-5c88-9efc-a172ace4dad5"},"collection":{"id":"00000000-0000-0000-0000-000000000000"},"sitemap_locations":[],"external_id":"4AVsdoZrHuom2GYDc8sLGg","last_modified":"2022-05-11T11:20:30.2148167Z"},{"id":"f38ccc72-2a01-5a1f-bee7-11b544c2e398","name":"INSTAGRAM","codename":"instagram","type":{"id":"ac7783dd-adfb-5c88-9efc-a172ace4dad5"},"collection":{"id":"00000000-0000-0000-0000-000000000000"},"sitemap_locations":[],"external_id":"7DiqrkNVcjsnPk2XaydvgT","last_modified":"2022-05-11T11:20:30.2169526Z"},{"id":"4861017f-9b59-50a0-b795-1c6cd6257d84","name":"FACEBOOK","codename":"facebook","type":{"id":"ac7783dd-adfb-5c88-9efc-a172ace4dad5"},"collection":{"id":"00000000-0000-0000-0000-000000000000"},"sitemap_locations":[],"external_id":"62Eo5TocnT6th7XlzFn7qD","last_modified":"2022-05-11T11:20:30.475227Z"},{"id":"edb3df65-ea5b-50d2-b862-45d1d195138a","name":"HiperMarket","codename":"hipermarket","type":{"id":"3f226e87-aba8-5aa2-afa3-11d6c2542d8c"},"collection":{"id":"00000000-0000-0000-0000-000000000000"},"sitemap_locations":[],"external_id":"6myqw1IVkIOQGognFl9SiU","last_modified":"2022-05-11T11:20:30.4786214Z"},{"id":"d28d3376-237d-5181-94af-d047320e2e1e","name":"TWITCH","codename":"twitch","type":{"id":"ac7783dd-adfb-5c88-9efc-a172ace4dad5"},"collection":{"id":"00000000-0000-0000-0000-000000000000"},"sitemap_locations":[],"external_id":"2kQ106s6WmwmVGANr8i9Be","last_modified":"2022-05-11T11:20:30.4704072Z"},{"id":"7efdc319-a26d-5a19-80a1-d4071fdc8c27","name":"5","codename":"n5","type":{"id":"dec8bd17-9c90-5bde-bf90-cd85e5aafa49"},"collection":{"id":"00000000-0000-0000-0000-000000000000"},"sitemap_locations":[],"external_id":"5cP75BKdx94sMwY6DNl6BZ","last_modified":"2022-05-11T11:20:31.1317396Z"},{"id":"9f8a0559-6837-57e6-b1ed-48a208732b17","name":"2011","codename":"n2011","type":{"id":"dec8bd17-9c90-5bde-bf90-cd85e5aafa49"},"collection":{"id":"00000000-0000-0000-0000-000000000000"},"sitemap_locations":[],"external_id":"6ZVLlkNN887jCzUsz54kyL","last_modified":"2022-05-11T11:20:31.1377748Z"},{"id":"2f1feed1-011a-54f6-a960-e2cd36ed9277","name":"AcmeTracc","codename":"acmetracc","type":{"id":"3f226e87-aba8-5aa2-afa3-11d6c2542d8c"},"collection":{"id":"00000000-0000-0000-0000-000000000000"},"sitemap_locations":[],"external_id":"3KfNHVTznveUCh6zpaXiuk","last_modified":"2022-05-11T11:20:31.133937Z"},{"id":"b94b53a0-c8ac-5da9-ba9f-78cbe6dbdf48","name":"hello-world","codename":"hello_world","type":{"id":"ce14460f-eada-56ae-9e81-949b7bff8fbb"},"collection":{"id":"00000000-0000-0000-0000-000000000000"},"sitemap_locations":[],"external_id":"283eEzAwGfc2GgKFh4c5GX","last_modified":"2022-05-11T11:20:31.1293391Z"},{"id":"3cfc04ca-d1f4-5b82-9cee-1d4643c9ac25","name":"Learn more","codename":"learn_more_3cfc04c","type":{"id":"2778a3c4-0f2d-5bda-94d2-339ac6dc5390"},"collection":{"id":"00000000-0000-0000-0000-000000000000"},"sitemap_locations":[],"external_id":"46DaNdA63t78wwiCXNWh7e","last_modified":"2022-05-11T11:20:31.1316221Z"},{"id":"9fdadba1-1c51-5855-8995-02fec2fc00a6","name":"Hi, we’re Acme. We make tools like Super™ and Track® that are used by thousands of teams worldwide.","codename":"hi__we_re_acme__we_make_tools_like_supertm_and_trac","type":{"id":"29a52b36-9a1b-5c73-bf6b-a21f6ffd86b2"},"collection":{"id":"00000000-0000-0000-0000-000000000000"},"sitemap_locations":[],"external_id":"2iuL54yEyTRgsIernNi6FR","last_modified":"2022-05-11T11:20:31.8234474Z"},{"id":"1e43bdcf-8da1-5a2f-a001-39d78b72e2c6","name":"Lana Steiner","codename":"lana_steiner","type":{"id":"b2d91f54-991e-5d81-a30d-443c08231442"},"collection":{"id":"00000000-0000-0000-0000-000000000000"},"sitemap_locations":[],"external_id":"2jmKyQvnnTSoF56dLtBgaL","last_modified":"2022-05-11T11:20:31.8529442Z"},{"id":"4d35ff16-7cfa-55e6-95aa-f61083b50ab6","name":"500+","codename":"n500_","type":{"id":"dec8bd17-9c90-5bde-bf90-cd85e5aafa49"},"collection":{"id":"00000000-0000-0000-0000-000000000000"},"sitemap_locations":[],"external_id":"kQZJJTsUdHDUFRpAdtxBK","last_modified":"2022-05-11T11:20:32.0819007Z"},{"id":"54284bda-264d-5514-afe2-025c91087417","name":"Drew Smith","codename":"drew_smith","type":{"id":"b2d91f54-991e-5d81-a30d-443c08231442"},"collection":{"id":"00000000-0000-0000-0000-000000000000"},"sitemap_locations":[],"external_id":"6qyBSPDdFWo8TK7uLdpSKV","last_modified":"2022-05-11T11:20:32.2128703Z"},{"id":"0a9f43ad-2abf-5433-bdd2-7c2ffbead84b","name":"Tam Seiko","codename":"tam_seiko","type":{"id":"b2d91f54-991e-5d81-a30d-443c08231442"},"collection":{"id":"00000000-0000-0000-0000-000000000000"},"sitemap_locations":[],"external_id":"68DnFr99HeN0Ez0gwsVmNt","last_modified":"2022-05-11T11:20:32.212544Z"},{"id":"39f36764-74a2-59fb-9ea4-c4147da70f87","name":"Amy Hansen","codename":"amy_hansen","type":{"id":"b2d91f54-991e-5d81-a30d-443c08231442"},"collection":{"id":"00000000-0000-0000-0000-000000000000"},"sitemap_locations":[],"external_id":"5EMNPqC3aZ4v36goXmGOLV","last_modified":"2022-05-11T11:20:32.2328837Z"},{"id":"e6364491-b986-510c-a5a2-c403435b01fe","name":"Jermaine Hall","codename":"jermaine_hall","type":{"id":"b2d91f54-991e-5d81-a30d-443c08231442"},"collection":{"id":"00000000-0000-0000-0000-000000000000"},"sitemap_locations":[],"external_id":"21rWA2SOSNDgV2Yh2IKNex","last_modified":"2022-05-11T11:20:32.4724314Z"},{"id":"e076f604-d642-5935-8929-bb200fb04ec5","name":"Phoenix Baker","codename":"phoenix_baker","type":{"id":"b2d91f54-991e-5d81-a30d-443c08231442"},"collection":{"id":"00000000-0000-0000-0000-000000000000"},"sitemap_locations":[],"external_id":"4VvlWXF2AjKatIlltUVrQ3","last_modified":"2022-05-11T11:20:32.4741363Z"},{"id":"40b1166f-112a-5dfa-b122-dc56e15d0fac","name":"Care about our team","codename":"care_about_our_team","type":{"id":"73a18778-fd3d-56b3-a8d7-be35834a8b11"},"collection":{"id":"00000000-0000-0000-0000-000000000000"},"sitemap_locations":[],"external_id":"4QYcO6fSFty2j2xNe6KWO2","last_modified":"2022-05-11T11:20:32.9665487Z"},{"id":"32492f26-465b-53c2-aacd-bd639581f326","name":"Millions","codename":"millions","type":{"id":"dec8bd17-9c90-5bde-bf90-cd85e5aafa49"},"collection":{"id":"00000000-0000-0000-0000-000000000000"},"sitemap_locations":[],"external_id":"5NSdouSwbtwz0xpX0PMbwH","last_modified":"2022-05-11T11:20:32.9674732Z"},{"id":"31bdc807-dc63-5333-81dd-e5f7eab385fb","name":"Love our users","codename":"love_our_users","type":{"id":"73a18778-fd3d-56b3-a8d7-be35834a8b11"},"collection":{"id":"00000000-0000-0000-0000-000000000000"},"sitemap_locations":[],"external_id":"6mJVwBpFHa65Jx4i5z56ht","last_modified":"2022-05-11T11:20:32.9736545Z"},{"id":"004b7b33-8743-510f-bd80-f3f578ac3b58","name":"Details, details, details","codename":"details__details__details","type":{"id":"73a18778-fd3d-56b3-a8d7-be35834a8b11"},"collection":{"id":"00000000-0000-0000-0000-000000000000"},"sitemap_locations":[],"external_id":"c8uhWkUuFuohJ8FREQBnc","last_modified":"2022-05-11T11:20:32.9688904Z"},{"id":"524f5202-d9f9-5b01-9849-156e7a4259d8","name":"Be excellent to each other","codename":"be_excellent_to_each_other","type":{"id":"73a18778-fd3d-56b3-a8d7-be35834a8b11"},"collection":{"id":"00000000-0000-0000-0000-000000000000"},"sitemap_locations":[],"external_id":"5Uynn2dxlI8rNK9PuTjHFW","last_modified":"2022-05-11T11:20:32.9900637Z"},{"id":"7b1a2726-c07f-5ebb-9d3a-b3450a585d0e","name":"Live our values","codename":"live_our_values","type":{"id":"73a18778-fd3d-56b3-a8d7-be35834a8b11"},"collection":{"id":"00000000-0000-0000-0000-000000000000"},"sitemap_locations":[],"external_id":"1Wf3EbXLaOw1mWa4ZmAEAA","last_modified":"2022-05-11T11:20:33.4708656Z"},{"id":"9b542407-2938-51de-b624-f21798b783bd","name":"circutiz","codename":"circutiz","type":{"id":"1d6d84e8-4870-5e6e-a2e6-a3b36c5728fa"},"collection":{"id":"00000000-0000-0000-0000-000000000000"},"sitemap_locations":[],"external_id":"3n0bO8HlRXnULgVbpD2zDk","last_modified":"2022-05-11T11:20:33.4713081Z"},{"id":"431249c5-70c4-5ba8-b79e-a122145dc2c3","name":"Push the limits","codename":"push_the_limits","type":{"id":"73a18778-fd3d-56b3-a8d7-be35834a8b11"},"collection":{"id":"00000000-0000-0000-0000-000000000000"},"sitemap_locations":[],"external_id":"3WWgrrT7ValibYRXpkaR1K","last_modified":"2022-05-11T11:20:33.4762239Z"},{"id":"d8da4584-2ca8-5c0b-b16a-cb73c6c647ad","name":"funtendo","codename":"funtendo_d8da458","type":{"id":"1d6d84e8-4870-5e6e-a2e6-a3b36c5728fa"},"collection":{"id":"00000000-0000-0000-0000-000000000000"},"sitemap_locations":[],"external_id":"4g6A13B8QWt1YTyOwRAmEl","last_modified":"2022-05-11T11:20:33.4743592Z"},{"id":"a5132f01-889a-57ed-adc5-9d925d707e5f","name":"fairbank","codename":"fairbank","type":{"id":"1d6d84e8-4870-5e6e-a2e6-a3b36c5728fa"},"collection":{"id":"00000000-0000-0000-0000-000000000000"},"sitemap_locations":[],"external_id":"68NYlq4L1cs2St0q3kFpys","last_modified":"2022-05-11T11:20:33.4854804Z"},{"id":"c7c2c63f-f746-52d7-9477-ca10358e8c5f","name":"chatte","codename":"chatte_c7c2c63","type":{"id":"1d6d84e8-4870-5e6e-a2e6-a3b36c5728fa"},"collection":{"id":"00000000-0000-0000-0000-000000000000"},"sitemap_locations":[],"external_id":"4cyrLIsdFVR3FdHQvEz89","last_modified":"2022-05-11T11:20:34.1746178Z"},{"id":"10f1622a-1600-5fa4-bb59-21204648561b","name":"deezii","codename":"deezii_10f1622","type":{"id":"1d6d84e8-4870-5e6e-a2e6-a3b36c5728fa"},"collection":{"id":"00000000-0000-0000-0000-000000000000"},"sitemap_locations":[],"external_id":"6pilhHHruk248PdlElIUWT","last_modified":"2022-05-11T11:20:34.1682797Z"},{"id":"297a7195-0d11-5fb3-bd45-c18b205785bc","name":"deezii","codename":"deezii_297a719","type":{"id":"1d6d84e8-4870-5e6e-a2e6-a3b36c5728fa"},"collection":{"id":"00000000-0000-0000-0000-000000000000"},"sitemap_locations":[],"external_id":"14uFIZbc9D5yORdkSL7PRW","last_modified":"2022-05-11T11:20:34.1684422Z"},{"id":"fd5ad56b-7850-5097-8509-467a912f997a","name":"funtendo","codename":"funtendo_fd5ad56","type":{"id":"1d6d84e8-4870-5e6e-a2e6-a3b36c5728fa"},"collection":{"id":"00000000-0000-0000-0000-000000000000"},"sitemap_locations":[],"external_id":"1YTC5RzQatNRWFsXEBRHTa","last_modified":"2022-05-11T11:20:34.1921806Z"},{"id":"68eeec38-cd3e-5c68-a98f-03574e8e5a50","name":"chatte","codename":"chatte_68eeec3","type":{"id":"1d6d84e8-4870-5e6e-a2e6-a3b36c5728fa"},"collection":{"id":"00000000-0000-0000-0000-000000000000"},"sitemap_locations":[],"external_id":"4ZhZBFS0SjFeTGnuofnDRf","last_modified":"2022-05-11T11:20:34.1750078Z"},{"id":"94fc866a-1597-5da0-acc4-53a3af4b3f63","name":"deezii","codename":"deezii_94fc866","type":{"id":"1d6d84e8-4870-5e6e-a2e6-a3b36c5728fa"},"collection":{"id":"00000000-0000-0000-0000-000000000000"},"sitemap_locations":[],"external_id":"6pnekvlipyg7LvPCQPcfkS","last_modified":"2022-05-11T11:20:34.6908848Z"},{"id":"ab15da5b-ad46-5db8-8b91-68d36c535d00","name":"chatte","codename":"chatte_ab15da5","type":{"id":"1d6d84e8-4870-5e6e-a2e6-a3b36c5728fa"},"collection":{"id":"00000000-0000-0000-0000-000000000000"},"sitemap_locations":[],"external_id":"48iy0SO1EbD8mrMyVfQThe","last_modified":"2022-05-11T11:20:34.6936523Z"},{"id":"316ef0c3-914f-58a6-84d0-03eb2a2d2a74","name":"circuitz","codename":"circuitz_316ef0c","type":{"id":"1d6d84e8-4870-5e6e-a2e6-a3b36c5728fa"},"collection":{"id":"00000000-0000-0000-0000-000000000000"},"sitemap_locations":[],"external_id":"6La3JdXvpD0foEsEbHJg0H","last_modified":"2022-05-11T11:20:34.6931158Z"},{"id":"f6342abf-c166-577d-b366-ec7deb2d723f","name":"fairbank","codename":"fairbank_f6342ab","type":{"id":"1d6d84e8-4870-5e6e-a2e6-a3b36c5728fa"},"collection":{"id":"00000000-0000-0000-0000-000000000000"},"sitemap_locations":[],"external_id":"6wMUpYsIaz3CLQ28WrYwTj","last_modified":"2022-05-11T11:20:34.7228296Z"},{"id":"b4ee98ec-62f5-5871-bffd-6cf021762cea","name":"funtendo","codename":"funtendo_b4ee98e","type":{"id":"1d6d84e8-4870-5e6e-a2e6-a3b36c5728fa"},"collection":{"id":"00000000-0000-0000-0000-000000000000"},"sitemap_locations":[],"external_id":"30zptzQY17CYvaZY8OJXhH","last_modified":"2022-05-11T11:20:34.7223295Z"},{"id":"b2627260-ae2e-58c4-b9e8-0c763e6b3036","name":"Super App","codename":"super_app","type":{"id":"2778a3c4-0f2d-5bda-94d2-339ac6dc5390"},"collection":{"id":"00000000-0000-0000-0000-000000000000"},"sitemap_locations":[],"external_id":"5x5qv19JhSkK1UhN6DWTBX","last_modified":"2022-05-11T11:20:35.1677596Z"},{"id":"31d0435f-1129-5724-bdf7-6fb6cd2e62bb","name":"Deploy to Gatsby","codename":"deploy_to_gatsby","type":{"id":"2778a3c4-0f2d-5bda-94d2-339ac6dc5390"},"collection":{"id":"00000000-0000-0000-0000-000000000000"},"sitemap_locations":[],"external_id":"4tmPmQg405AA4Oml3cutBp","last_modified":"2022-05-11T11:20:35.174345Z"},{"id":"6b1afc26-fe46-5832-bb6c-dab9e740bd13","name":"fairbank","codename":"fairbank_6b1afc2","type":{"id":"1d6d84e8-4870-5e6e-a2e6-a3b36c5728fa"},"collection":{"id":"00000000-0000-0000-0000-000000000000"},"sitemap_locations":[],"external_id":"Bhz3yLWaZGQEZTTdr3heJ","last_modified":"2022-05-11T11:20:35.1697933Z"},{"id":"e50398a8-0eea-543b-8009-1c1d682f4629","name":"circutiz","codename":"circutiz_e50398a","type":{"id":"1d6d84e8-4870-5e6e-a2e6-a3b36c5728fa"},"collection":{"id":"00000000-0000-0000-0000-000000000000"},"sitemap_locations":[],"external_id":"44enVSuVcCmdJ30nVlQtI9","last_modified":"2022-05-11T11:20:35.1699959Z"},{"id":"d169fd8e-bd6a-5843-89c3-426cd5ccedd9","name":"See the demo","codename":"see_the_demo","type":{"id":"2778a3c4-0f2d-5bda-94d2-339ac6dc5390"},"collection":{"id":"00000000-0000-0000-0000-000000000000"},"sitemap_locations":[],"external_id":"6lypQoCWQDH0oupHzrtUiO","last_modified":"2022-05-11T11:20:35.1748403Z"},{"id":"f699e549-63dd-5d14-8153-8c9f87559dae","name":"AcmeTrack","codename":"acmetrack","type":{"id":"2778a3c4-0f2d-5bda-94d2-339ac6dc5390"},"collection":{"id":"00000000-0000-0000-0000-000000000000"},"sitemap_locations":[],"external_id":"0pXzwpsaHdFykmho4DzMd","last_modified":"2022-05-11T11:20:35.8857108Z"},{"id":"7690e4e9-f55f-542d-8df5-a657d2861ee9","name":"Explore customer stories","codename":"explore_customer_stories","type":{"id":"2778a3c4-0f2d-5bda-94d2-339ac6dc5390"},"collection":{"id":"00000000-0000-0000-0000-000000000000"},"sitemap_locations":[],"external_id":"42YoKGyaq0GzvOioi3FZkW","last_modified":"2022-05-11T11:20:35.8896285Z"},{"id":"454c511e-a832-51b8-90e1-24e30b5513ca","name":"HyperMarket","codename":"hypermarket","type":{"id":"2778a3c4-0f2d-5bda-94d2-339ac6dc5390"},"collection":{"id":"00000000-0000-0000-0000-000000000000"},"sitemap_locations":[],"external_id":"4C6FOK483fzsdzpPagRRbK","last_modified":"2022-05-11T11:20:35.8795355Z"},{"id":"31eb9409-b30b-5674-8d58-367652f5f7cf","name":"Deploy to Gatsby","codename":"deploy_to_gatsby_31eb940","type":{"id":"2778a3c4-0f2d-5bda-94d2-339ac6dc5390"},"collection":{"id":"00000000-0000-0000-0000-000000000000"},"sitemap_locations":[],"external_id":"6KbceWsVGmRppD78XPZGIB","last_modified":"2022-05-11T11:20:35.8818512Z"},{"id":"31e174bd-3d65-51fd-b8c7-d88f593fbc07","name":"Market","codename":"market","type":{"id":"c3bc5d0f-bc6e-594f-976a-82757b920017"},"collection":{"id":"00000000-0000-0000-0000-000000000000"},"sitemap_locations":[],"external_id":"3dxvwGKNjISuIxiXNRPEoE","last_modified":"2022-05-11T11:20:35.8934625Z"},{"id":"a8e1a09d-a645-5fa1-b0fe-24d7a09a4e97","name":"Track","codename":"track","type":{"id":"c3bc5d0f-bc6e-594f-976a-82757b920017"},"collection":{"id":"00000000-0000-0000-0000-000000000000"},"sitemap_locations":[],"external_id":"7ohDn28pjA1jyZUYxF2Zkt","last_modified":"2022-05-11T11:20:36.495958Z"},{"id":"e5ad1d4c-2b31-523f-a0ac-94436899ba8c","name":"Super","codename":"super","type":{"id":"c3bc5d0f-bc6e-594f-976a-82757b920017"},"collection":{"id":"00000000-0000-0000-0000-000000000000"},"sitemap_locations":[],"external_id":"3HRx4NBErpaUkprPQ8m7Sx","last_modified":"2022-05-11T11:20:36.5002114Z"},{"id":"f7fda188-85ca-5752-99d8-102f7114a55f","name":"See the demo","codename":"see_the_demo_f7fda18","type":{"id":"2778a3c4-0f2d-5bda-94d2-339ac6dc5390"},"collection":{"id":"00000000-0000-0000-0000-000000000000"},"sitemap_locations":[],"external_id":"2UXKMwPgEnHCmrRlt0yNcE","last_modified":"2022-05-11T11:20:36.4931067Z"},{"id":"e807a726-b926-5beb-8edb-77d427d49c4d","name":"Pricing","codename":"pricing_e807a72","type":{"id":"c3bc5d0f-bc6e-594f-976a-82757b920017"},"collection":{"id":"00000000-0000-0000-0000-000000000000"},"sitemap_locations":[],"external_id":"6ptOjFmr6ezqAnuOG6QZVg","last_modified":"2022-05-11T11:20:36.4937211Z"},{"id":"46aba601-5f41-5bbe-8638-bd8310f9003c","name":"Blog","codename":"blog_46aba60","type":{"id":"c3bc5d0f-bc6e-594f-976a-82757b920017"},"collection":{"id":"00000000-0000-0000-0000-000000000000"},"sitemap_locations":[],"external_id":"Z6dzqiQEsl9eJwRzWEsMU","last_modified":"2022-05-11T11:20:36.7531136Z"},{"id":"82c4fa1b-5710-586d-99ec-bf93bd9ef2f4","name":"Company culture comes in many shapes and forms, but we particularly pride ourselves on:","codename":"company_culture_comes_in_many_shapes_and_forms__bu","type":{"id":"2f880711-7db2-5faf-9e9c-fe300fe6e33c"},"collection":{"id":"00000000-0000-0000-0000-000000000000"},"sitemap_locations":[],"external_id":"5M7IzLNkDdXrl7kELfHZlD","last_modified":"2022-05-11T11:20:37.1747158Z"},{"id":"314659bf-77b0-5f1b-a1bc-79ec7c62225c","name":"Our leadership","codename":"our_leadership","type":{"id":"0e24f78c-2986-5fa6-bedd-0077676e487d"},"collection":{"id":"00000000-0000-0000-0000-000000000000"},"sitemap_locations":[],"external_id":"4MBfVux6IXwg2rYLvm0wD1","last_modified":"2022-05-11T11:20:37.1980571Z"},{"id":"ece52b13-a153-5421-8cf8-292088020ec0","name":"About","codename":"about_ece52b1","type":{"id":"c3bc5d0f-bc6e-594f-976a-82757b920017"},"collection":{"id":"00000000-0000-0000-0000-000000000000"},"sitemap_locations":[],"external_id":"6H574Qfx14ck7MTqiDMn2c","last_modified":"2022-05-11T11:20:37.1884512Z"},{"id":"8bb1be22-7249-5857-950a-8e93d01fb441","name":"aboutStatList","codename":"aboutstatlist","type":{"id":"b9ba2d23-8316-5b48-a992-f208f597ab43"},"collection":{"id":"00000000-0000-0000-0000-000000000000"},"sitemap_locations":[],"external_id":"4OTudLXmD9tDR3MwYEvnWT","last_modified":"2022-05-11T11:20:37.1951045Z"},{"id":"5607cfb1-2f7d-581c-b74f-d7fd402d8b7f","name":"Products","codename":"products_5607cfb","type":{"id":"090ca7ca-ed39-59c5-8e4d-3628865a0ce4"},"collection":{"id":"00000000-0000-0000-0000-000000000000"},"sitemap_locations":[],"external_id":"5KJltiVBrr3rVOkWaBDk57","last_modified":"2022-05-11T11:20:37.2042776Z"},{"id":"64297733-a851-5d46-8da6-ce1c77f3cb90","name":"Header","codename":"header","type":{"id":"868ec5e8-fe3e-55bb-afb9-91893013ec9b"},"collection":{"id":"00000000-0000-0000-0000-000000000000"},"sitemap_locations":[],"external_id":"5rVbCUT6w6Q2595ISWVJXV","last_modified":"2022-05-11T11:20:37.6767583Z"},{"id":"0c48cacd-65cb-5bb5-be1a-cc68b78bf27d","name":"100% of the Fortune 100 choose Acme","codename":"n100__of_the_fortune_100_choose_acme","type":{"id":"c6e43a52-11b7-5ef4-bb03-ee8ccb4a8d59"},"collection":{"id":"00000000-0000-0000-0000-000000000000"},"sitemap_locations":[],"external_id":"6PoXk9PlsLqws4n89EHeWJ","last_modified":"2022-05-11T11:20:37.6767404Z"},{"id":"ffb73834-c22f-5bc0-993d-a564a49f940d","name":"Get started now","codename":"get_started_now","type":{"id":"beb545e2-86c9-56b4-aeb4-fe35ca9677c4"},"collection":{"id":"00000000-0000-0000-0000-000000000000"},"sitemap_locations":[],"external_id":"3KJCZ6SW2WQouT2QH9T26j","last_modified":"2022-05-11T11:20:37.6834058Z"},{"id":"c3d2711d-2778-5a8f-a5d4-b59f29e5b7da","name":"Products","codename":"products_c3d2711","type":{"id":"c81edd10-5eb0-57f7-8365-15abdb272864"},"collection":{"id":"00000000-0000-0000-0000-000000000000"},"sitemap_locations":[],"external_id":"3oq0lV1XsqCCdhOqf0MRmn","last_modified":"2022-05-11T11:20:37.6818768Z"},{"id":"cc6fe9f0-f1d5-5f6a-9696-15465bf8695a","name":"The all-in-one solution","codename":"the_all_in_one_solution","type":{"id":"01225f6e-202b-566d-bd03-8bd532c9fc62"},"collection":{"id":"00000000-0000-0000-0000-000000000000"},"sitemap_locations":[],"external_id":"1n4Lbi6fppcwcLk7KoojT3","last_modified":"2022-05-11T11:20:37.6772732Z"},{"id":"b7344a0f-05e4-581c-bdcc-a422ad82c706","name":"Dive in now","codename":"dive_in_now","type":{"id":"beb545e2-86c9-56b4-aeb4-fe35ca9677c4"},"collection":{"id":"00000000-0000-0000-0000-000000000000"},"sitemap_locations":[],"external_id":"1UIHNoT0Wp6bIogEEcCQjt","last_modified":"2022-05-11T11:20:38.3266294Z"},{"id":"208e262b-e0df-5dde-88d1-f6f88df93692","name":"Site Layout","codename":"site_layout","type":{"id":"811f05ca-e12c-5997-bf26-6d76b39d04a0"},"collection":{"id":"00000000-0000-0000-0000-000000000000"},"sitemap_locations":[],"external_id":"7y4cNlVZpt94N2IsTrcfcH","last_modified":"2022-05-11T11:20:38.3266277Z"},{"id":"337c1ec1-3b8f-50a9-9238-f24c73d85485","name":"SuperApp","codename":"superapp","type":{"id":"3f226e87-aba8-5aa2-afa3-11d6c2542d8c"},"collection":{"id":"00000000-0000-0000-0000-000000000000"},"sitemap_locations":[],"external_id":"3xHYkuC3etrhcezGvGH1WQ","last_modified":"2022-05-11T11:20:38.333621Z"},{"id":"204d7823-6158-5402-b62a-9ff1bc74ea5c","name":"Footer","codename":"footer","type":{"id":"0f3053ea-e9e1-523f-8c01-25df5b6366f6"},"collection":{"id":"00000000-0000-0000-0000-000000000000"},"sitemap_locations":[],"external_id":"05kuU52BOUENtdoPJO49A","last_modified":"2022-05-11T11:20:38.327894Z"},{"id":"8b860813-6a82-5476-8ecc-306f600ab446","name":"About","codename":"about_8b86081","type":{"id":"1dfec06b-1eaf-570a-847c-4e7986fa5a0d"},"collection":{"id":"00000000-0000-0000-0000-000000000000"},"sitemap_locations":[],"external_id":"2UARLNVAKRNspufH1G0NoS","last_modified":"2022-05-11T11:20:38.5996579Z"},{"id":"e3b93836-87fa-53c0-a53a-f7ad5c2e337f","name":"Used by the world's most innovative teams","codename":"used_by_the_world_s_most_innovative_teams","type":{"id":"7db7fc40-ade6-5092-86cf-f55eeddb9e1e"},"collection":{"id":"00000000-0000-0000-0000-000000000000"},"sitemap_locations":[],"external_id":"4SkSElOYlaa56pRMyXKxIZ","last_modified":"2022-05-11T11:20:39.0372619Z"},{"id":"3b0d43dc-b710-54d9-8be8-d58a0110fbb2","name":"Gatsby Kontent Homepage Starter","codename":"gatsby_contentful_homepage_starter","type":{"id":"7470e9d3-f2ae-5538-aa69-1469b6e91b8f"},"collection":{"id":"00000000-0000-0000-0000-000000000000"},"sitemap_locations":[],"external_id":"5YY2FiEYKfZOuDIjzw6Vpi","last_modified":"2022-05-23T05:36:21.5246957Z"},{"id":"2b199688-0b88-5764-8a8e-f1ba4880da81","name":"Finish your feature sprints blazingly fast","codename":"finish_your_feature_sprints_blazingly_fast","type":{"id":"1ddf3c07-de93-5303-834b-0946888667f8"},"collection":{"id":"00000000-0000-0000-0000-000000000000"},"sitemap_locations":[],"external_id":"5pO4xzQ5snL2qQAezQUZJE","last_modified":"2022-05-11T11:20:39.0493667Z"},{"id":"810c2182-8265-5a4b-99f4-9124e608d783","name":"Gatsby Kontent Homepage Starter","codename":"gatsby_contentful_homepage_starter_810c218","type":{"id":"850a0517-bed3-5a71-b77c-df354e2b2fdd"},"collection":{"id":"00000000-0000-0000-0000-000000000000"},"sitemap_locations":[],"external_id":"1zzRbzEpxqUFmclOIbcipZ","last_modified":"2022-05-23T05:38:49.2986694Z"},{"id":"64914629-64f4-5486-90d2-84449a48b253","name":"Feature","codename":"feature_6491462","type":{"id":"cceca793-9912-505a-89cf-37eb2881936a"},"collection":{"id":"00000000-0000-0000-0000-000000000000"},"sitemap_locations":[],"external_id":"220UmuLNpvn1INx2lIsZf9","last_modified":"2022-05-11T11:20:39.0450789Z"},{"id":"21b39c9d-afe6-5e5c-a094-1d0a90e0a630","name":"Get started in minutes and make it your own","codename":"get_started_in_minutes_and_make_it_your_own","type":{"id":"2f880711-7db2-5faf-9e9c-fe300fe6e33c"},"collection":{"id":"00000000-0000-0000-0000-000000000000"},"sitemap_locations":[],"external_id":"2jXaVbXIICkY64kfWAajfl","last_modified":"2022-05-11T11:20:39.7388517Z"},{"id":"62040978-9a8a-56ab-823f-8189b87c15cf","name":"Logo List","codename":"logo_list","type":{"id":"cffbd98b-2818-54a1-8b5e-104ce0519c66"},"collection":{"id":"00000000-0000-0000-0000-000000000000"},"sitemap_locations":[],"external_id":"5iQbzdKPBQCy98WtkX5bT3","last_modified":"2022-05-11T11:20:39.7391255Z"}]