[{"elements":[{"element":{"id":"91d603b9-29b8-5f06-a9b5-8235a0c7767e"},"value":"Privacy Policy"},{"element":{"id":"3f7e7223-37cb-5a5c-a83a-e039ff4b151d"},"value":"privacy"},{"element":{"id":"b7de4527-26e4-5327-8c38-87b17cb55361"},"value":""},{"element":{"id":"e97f403f-5ebe-5986-b64a-48fe57628344"},"value":[]},{"components":[],"element":{"id":"7bf28713-b927-5523-88fe-ba757948e0e7"},"value":"<p>Last updated: January 28, 2022</p>\n<p>This Privacy Policy describes Our policies and procedures on the collection, use and disclosure of Your information when You use the Service and tells You about Your privacy rights and how the law protects You.</p>\n<p>We use Your Personal data to provide and improve the Service. By using the Service, You agree to the collection and use of information in accordance with this Privacy Policy.</p>\n<h1>Interpretation and Definitions</h1>\n<h2>Interpretation</h2>\n<p>The words of which the initial letter is capitalized have meanings defined under the following conditions. The following definitions shall have the same meaning regardless of whether they appear in singular or in plural.</p>\n<h2>Definitions</h2>\n<p>For the purposes of this Privacy Policy:</p>\n<ul>\n  <li><strong>Account</strong>&nbsp;means a unique account created for You to access our Service or parts of our Service.</li>\n  <li><strong>Company</strong>&nbsp;(referred to as either \"the Company\", \"We\", \"Us\" or \"Our\" in this Agreement) refers to Homepage LLC, 11 Eleventh Ave, New York, NY 11111.</li>\n  <li><strong>Cookies</strong>&nbsp;are small files that are placed on Your computer, mobile device or any other device by a website, containing the details of Your browsing history on that website among its many uses.</li>\n  <li><strong>Country</strong>&nbsp;refers to: New York, United States</li>\n  <li><strong>Device</strong>&nbsp;means any device that can access the Service such as a computer, a cellphone or a digital tablet.</li>\n  <li><strong>Personal Data</strong>&nbsp;is any information that relates to an identified or identifiable individual.</li>\n  <li><strong>Service</strong>&nbsp;refers to the Website.</li>\n  <li><strong>Service Provider</strong>&nbsp;means any natural or legal person who processes the data on behalf of the Company. It refers to third-party companies or individuals employed by the Company to facilitate the Service, to provide the Service on behalf of the Company, to perform services related to the Service or to assist the Company in analyzing how the Service is used.</li>\n  <li><strong>Usage Data</strong>&nbsp;refers to data collected automatically, either generated by the use of the Service or from the Service infrastructure itself (for example, the duration of a page visit).</li>\n  <li><strong>Website</strong>&nbsp;refers to Homepage Starter, accessible from&nbsp;<a href=\"https://www.onlinehtmleditor.net/%22http://example.com//%22\">http://example.com</a></li>\n  <li><strong>You</strong>&nbsp;means the individual accessing or using the Service, or the company, or other legal entity on behalf of which such individual is accessing or using the Service, as applicable.</li>\n</ul>\n<h1>Collecting and Using Your Personal Data</h1>\n<h2>Types of Data Collected</h2>\n<h3>Personal Data</h3>\n<p>While using Our Service, We may ask You to provide Us with certain personally identifiable information that can be used to contact or identify You. Personally identifiable information may include, but is not limited to:</p>\n<ul>\n  <li>Email address</li>\n  <li>Usage Data</li>\n</ul>\n<h3>Usage Data</h3>\n<p>Usage Data is collected automatically when using the Service.</p>\n<p>Usage Data may include information such as Your Device's Internet Protocol address (e.g. IP address), browser type, browser version, the pages of our Service that You visit, the time and date of Your visit, the time spent on those pages, unique device identifiers and other diagnostic data.</p>\n<p>When You access the Service by or through a mobile device, We may collect certain information automatically, including, but not limited to, the type of mobile device You use, Your mobile device unique ID, the IP address of Your mobile device, Your mobile operating system, the type of mobile Internet browser You use, unique device identifiers and other diagnostic data.</p>\n<p>We may also collect information that Your browser sends whenever You visit our Service or when You access the Service by or through a mobile device.</p>\n<h3>Tracking Technologies and Cookies</h3>\n<p>We use Cookies and similar tracking technologies to track the activity on Our Service and store certain information. Tracking technologies used are beacons, tags, and scripts to collect and track information and to improve and analyze Our Service. The technologies We use may include:</p>\n<ul>\n  <li><strong>Cookies or Browser Cookies.</strong> &nbsp; A cookie is a small file placed on Your Device. You can instruct Your browser to refuse all Cookies or to indicate when a Cookie is being sent. However, if You do not accept Cookies, You may not be able to use some parts of our Service. Unless you have adjusted Your browser setting so that it will refuse Cookies, our Service may use Cookies.</li>\n  <li><strong>Flash Cookies.</strong> &nbsp; Certain features of our Service may use local stored objects (or Flash Cookies) to collect and store information about Your preferences or Your activity on our Service. Flash Cookies are not managed by the same browser settings as those used for Browser Cookies. For more information on how You can delete Flash Cookies, please read \"Where can I change the settings for disabling, or deleting local shared objects?\" available at &nbsp;</li>\n  <li><strong>Web Beacons.</strong> &nbsp; Certain sections of our Service and our emails may contain small electronic files known as web beacons (also referred to as clear gifs, pixel tags, and single-pixel gifs) that permit the Company, for example, to count users who have visited those pages or opened an email and for other related website statistics (for example, recording the popularity of a certain section and verifying system and server integrity).</li>\n</ul>\n<p>Cookies can be \"Persistent\" or \"Session\" Cookies. Persistent Cookies remain on Your personal computer or mobile device when You go offline, while Session Cookies are deleted as soon as You close Your web browser. You can learn more about cookies here:&nbsp;<a href=\"https://www.onlinehtmleditor.net/%22https://www.termsfeed.com/privacy-policy-generator/#faq-8\\%22\">Cookies by TermsFeed Generator</a>.</p>\n<p>We use both Session and Persistent Cookies for the purposes set out below:</p>\n<ul>\n  <li><strong>Necessary / Essential Cookies</strong> Type: Session Cookies Administered by: Us Purpose: These Cookies are essential to provide You with services available through the Website and to enable You to use some of its features. They help to authenticate users and prevent fraudulent use of user accounts. Without these Cookies, the services that You have asked for cannot be provided, and We only use these Cookies to provide You with those services.</li>\n  <li><strong>Cookies Policy / Notice Acceptance Cookies</strong> Type: Persistent Cookies Administered by: Us Purpose: These Cookies identify if users have accepted the use of cookies on the Website.</li>\n  <li><strong>Functionality Cookies</strong> Type: Persistent Cookies Administered by: Us Purpose: These Cookies allow us to remember choices You make when You use the Website, such as remembering your login details or language preference. The purpose of these Cookies is to provide You with a more personal experience and to avoid You having to re-enter your preferences every time You use the Website.</li>\n</ul>\n<p>For more information about the cookies we use and your choices regarding cookies, please visit our Cookies Policy or the Cookies section of our Privacy Policy.</p>\n<h2>Use of Your Personal Data</h2>\n<p>The Company may use Personal Data for the following purposes:</p>\n<ul>\n  <li><strong>To provide and maintain our Service</strong>, including to monitor the usage of our Service.</li>\n  <li><strong>To manage Your Account:</strong>&nbsp;to manage Your registration as a user of the Service. The Personal Data You provide can give You access to different functionalities of the Service that are available to You as a registered user.</li>\n  <li><strong>For the performance of a contract:</strong>&nbsp;the development, compliance and undertaking of the purchase contract for the products, items or services You have purchased or of any other contract with Us through the Service.</li>\n  <li><strong>To contact You:</strong>&nbsp;To contact You by email, telephone calls, SMS, or other equivalent forms of electronic communication, such as a mobile application's push notifications regarding updates or informative communications related to the functionalities, products or contracted services, including the security updates, when necessary or reasonable for their implementation.</li>\n  <li><strong>To provide You</strong>&nbsp;with news, special offers and general information about other goods, services and events which we offer that are similar to those that you have already purchased or enquired about unless You have opted not to receive such information.</li>\n  <li><strong>To manage Your requests:</strong>&nbsp;To attend and manage Your requests to Us.</li>\n  <li><strong>For business transfers:</strong>&nbsp;We may use Your information to evaluate or conduct a merger, divestiture, restructuring, reorganization, dissolution, or other sale or transfer of some or all of Our assets, whether as a going concern or as part of bankruptcy, liquidation, or similar proceeding, in which Personal Data held by Us about our Service users is among the assets transferred.</li>\n  <li><strong>For other purposes</strong>: We may use Your information for other purposes, such as data analysis, identifying usage trends, determining the effectiveness of our promotional campaigns and to evaluate and improve our Service, products, services, marketing and your experience.</li>\n</ul>\n<p>We may share Your personal information in the following situations:</p>\n<ul>\n  <li><strong>With Service Providers:</strong> &nbsp; We may share Your personal information with Service Providers to monitor and analyze the use of our Service, to contact You.</li>\n  <li><strong>For business transfers:</strong> &nbsp; We may share or transfer Your personal information in connection with, or during negotiations of, any merger, sale of Company assets, financing, or acquisition of all or a portion of Our business to another company.</li>\n  <li><strong>With Affiliates:</strong> &nbsp; We may share Your information with Our affiliates, in which case we will require those affiliates to honor this Privacy Policy. Affiliates include Our parent company and any other subsidiaries, joint venture partners or other companies that We control or that are under common control with Us.</li>\n  <li><strong>With business partners:</strong> &nbsp; We may share Your information with Our business partners to offer You certain products, services or promotions.</li>\n  <li><strong>With other users:</strong> &nbsp; when You share personal information or otherwise interact in the public areas with other users, such information may be viewed by all users and may be publicly distributed outside.</li>\n  <li><strong>With Your consent</strong> : We may disclose Your personal information for any other purpose with Your consent.</li>\n</ul>\n<h2>Retention of Your Personal Data</h2>\n<p>The Company will retain Your Personal Data only for as long as is necessary for the purposes set out in this Privacy Policy. We will retain and use Your Personal Data to the extent necessary to comply with our legal obligations (for example, if we are required to retain your data to comply with applicable laws), resolve disputes, and enforce our legal agreements and policies.</p>\n<p>The Company will also retain Usage Data for internal analysis purposes. Usage Data is generally retained for a shorter period of time, except when this data is used to strengthen the security or to improve the functionality of Our Service, or We are legally obligated to retain this data for longer time periods.</p>\n<h2>Transfer of Your Personal Data</h2>\n<p>Your information, including Personal Data, is processed at the Company's operating offices and in any other places where the parties involved in the processing are located. It means that this information may be transferred to — and maintained on — computers located outside of Your state, province, country or other governmental jurisdiction where the data protection laws may differ than those from Your jurisdiction.</p>\n<p>Your consent to this Privacy Policy followed by Your submission of such information represents Your agreement to that transfer.</p>\n<p>The Company will take all steps reasonably necessary to ensure that Your data is treated securely and in accordance with this Privacy Policy and no transfer of Your Personal Data will take place to an organization or a country unless there are adequate controls in place including the security of Your data and other personal information.</p>\n<h2>Disclosure of Your Personal Data</h2>\n<h3>Business Transactions</h3>\n<p>If the Company is involved in a merger, acquisition or asset sale, Your Personal Data may be transferred. We will provide notice before Your Personal Data is transferred and becomes subject to a different Privacy Policy.</p>\n<h3>Law enforcement</h3>\n<p>Under certain circumstances, the Company may be required to disclose Your Personal Data if required to do so by law or in response to valid requests by public authorities (e.g. a court or a government agency).</p>\n<h3>Other legal requirements</h3>\n<p>The Company may disclose Your Personal Data in the good faith belief that such action is necessary to:</p>\n<ul>\n  <li>Comply with a legal obligation</li>\n  <li>Protect and defend the rights or property of the Company</li>\n  <li>Prevent or investigate possible wrongdoing in connection with the Service</li>\n  <li>Protect the personal safety of Users of the Service or the public</li>\n  <li>Protect against legal liability</li>\n</ul>\n<h2>Security of Your Personal Data</h2>\n<p>The security of Your Personal Data is important to Us, but remember that no method of transmission over the Internet, or method of electronic storage is 100% secure. While We strive to use commercially acceptable means to protect Your Personal Data, We cannot guarantee its absolute security.</p>\n<h1>Children's Privacy</h1>\n<p>Our Service does not address anyone under the age of 13. We do not knowingly collect personally identifiable information from anyone under the age of 13. If You are a parent or guardian and You are aware that Your child has provided Us with Personal Data, please contact Us. If We become aware that We have collected Personal Data from anyone under the age of 13 without verification of parental consent, We take steps to remove that information from Our servers.</p>\n<p>If We need to rely on consent as a legal basis for processing Your information and Your country requires consent from a parent, We may require Your parent's consent before We collect and use that information.</p>\n<h1>Links to Other Websites</h1>\n<p>Our Service may contain links to other websites that are not operated by Us. If You click on a third party link, You will be directed to that third party's site. We strongly advise You to review the Privacy Policy of every site You visit.</p>\n<p>We have no control over and assume no responsibility for the content, privacy policies or practices of any third party sites or services.</p>\n<h1>Changes to this Privacy Policy</h1>\n<p>We may update Our Privacy Policy from time to time. We will notify You of any changes by posting the new Privacy Policy on this page.</p>\n<p>We will let You know via email and/or a prominent notice on Our Service, prior to the change becoming effective and update the \"Last updated\" date at the top of this Privacy Policy.</p>\n<p>You are advised to review this Privacy Policy periodically for any changes. Changes to this Privacy Policy are effective when they are posted on this page.</p>\n<h1>Contact Us</h1>\n<p>If you have any questions about this Privacy Policy, You can contact us:</p>\n<ul>\n  <li>By email: support@example.com</li>\n</ul>"}],"workflow_step":{"id":"c199950d-99f0-4983-b711-6c4c91624b22"},"workflow":{"workflow_identifier":{"id":"00000000-0000-0000-0000-000000000000"},"step_identifier":{"id":"c199950d-99f0-4983-b711-6c4c91624b22"}},"item":{"id":"4eb70160-d017-5fa1-ac63-e99d38ce5e93"},"language":{"id":"00000000-0000-0000-0000-000000000000"},"last_modified":"2022-05-11T11:30:37.2803246Z"},{"elements":[{"element":{"id":"91d603b9-29b8-5f06-a9b5-8235a0c7767e"},"value":"Terms & Conditions"},{"element":{"id":"3f7e7223-37cb-5a5c-a83a-e039ff4b151d"},"value":"terms"},{"element":{"id":"b7de4527-26e4-5327-8c38-87b17cb55361"},"value":""},{"element":{"id":"e97f403f-5ebe-5986-b64a-48fe57628344"},"value":[]},{"components":[],"element":{"id":"7bf28713-b927-5523-88fe-ba757948e0e7"},"value":"<h2>Waiver</h2>\n<p>Except as provided herein, the failure to exercise a right or to require performance of an obligation under these Terms shall not effect a party's ability to exercise such right or require such performance at any time thereafter nor shall the waiver of a breach constitute a waiver of any subsequent breach.</p>\n<h1>Translation Interpretation</h1>\n<p>These Terms and Conditions may have been translated if We have made them available to You on our Service. You agree that the original English text shall prevail in the case of a dispute.</p>\n<h1>Changes to These Terms and Conditions</h1>\n<p>We reserve the right, at Our sole discretion, to modify or replace these Terms at any time. If a revision is material We will make reasonable efforts to provide at least 30 days' notice prior to any new terms taking effect. What constitutes a material change will be determined at Our sole discretion.</p>\n<p>By continuing to access or use Our Service after those revisions become effective, You agree to be bound by the revised terms. If You do not agree to the new terms, in whole or in part, please stop using the website and the Service.</p>\n<h1>Contact Us</h1>\n<p>If you have any questions about these Terms and Conditions, You can contact us:</p>\n<ul>\n  <li>By visiting this page on our website:</li>\n</ul>"}],"workflow_step":{"id":"c199950d-99f0-4983-b711-6c4c91624b22"},"workflow":{"workflow_identifier":{"id":"00000000-0000-0000-0000-000000000000"},"step_identifier":{"id":"c199950d-99f0-4983-b711-6c4c91624b22"}},"item":{"id":"8ad06c87-3ac1-5188-acd7-961ac13dc2e0"},"language":{"id":"00000000-0000-0000-0000-000000000000"},"last_modified":"2022-05-11T11:31:52.3375561Z"},{"elements":[{"element":{"id":"6842749c-8640-5f16-a544-22d6129d15d7"},"value":"GitHub"},{"element":{"id":"7a675964-1c97-5325-9f0f-cb4859c0e9f1"},"value":"#"}],"workflow_step":{"id":"c199950d-99f0-4983-b711-6c4c91624b22"},"workflow":{"workflow_identifier":{"id":"00000000-0000-0000-0000-000000000000"},"step_identifier":{"id":"c199950d-99f0-4983-b711-6c4c91624b22"}},"item":{"id":"9efb84eb-945e-5682-85e8-77373aa5ee53"},"language":{"id":"00000000-0000-0000-0000-000000000000"},"last_modified":"2022-05-24T10:14:13.1021679Z"},{"elements":[{"element":{"id":"6842749c-8640-5f16-a544-22d6129d15d7"},"value":"Deploy Now"},{"element":{"id":"7a675964-1c97-5325-9f0f-cb4859c0e9f1"},"value":"#"}],"workflow_step":{"id":"c199950d-99f0-4983-b711-6c4c91624b22"},"workflow":{"workflow_identifier":{"id":"00000000-0000-0000-0000-000000000000"},"step_identifier":{"id":"c199950d-99f0-4983-b711-6c4c91624b22"}},"item":{"id":"5541fa1b-8858-595d-9cbf-95a3388acc1b"},"language":{"id":"00000000-0000-0000-0000-000000000000"},"last_modified":"2022-05-24T10:14:39.7985054Z"},{"elements":[{"element":{"id":"6842749c-8640-5f16-a544-22d6129d15d7"},"value":"Learn more"},{"element":{"id":"7a675964-1c97-5325-9f0f-cb4859c0e9f1"},"value":"#!"}],"workflow_step":{"id":"c199950d-99f0-4983-b711-6c4c91624b22"},"workflow":{"workflow_identifier":{"id":"00000000-0000-0000-0000-000000000000"},"step_identifier":{"id":"c199950d-99f0-4983-b711-6c4c91624b22"}},"item":{"id":"5bc5878e-0c6b-58f4-88a8-0e7904e0ac42"},"language":{"id":"00000000-0000-0000-0000-000000000000"},"last_modified":"2022-05-11T11:20:25.7677177Z"},{"elements":[{"element":{"id":"a5256390-7bda-54e6-ba28-31be6c5fc28b"},"value":[{"renditions":[],"id":"2201e7fd-ed5d-41d4-82eb-2ad847b16cc0"}]},{"element":{"id":"2154f645-a6e2-5681-a0b1-fcf54b3cc633"},"value":"Zero downtime"},{"element":{"id":"9a285ffb-3eda-54f9-87de-822f17a9ea41"},"value":"Lorem ipsum dolor sit amet, consectetur adipiscing elit, sed do eiusmod tempor incididunt ut labore et dolore magna aliqua."}],"workflow_step":{"id":"c199950d-99f0-4983-b711-6c4c91624b22"},"workflow":{"workflow_identifier":{"id":"00000000-0000-0000-0000-000000000000"},"step_identifier":{"id":"c199950d-99f0-4983-b711-6c4c91624b22"}},"item":{"id":"13e64fb1-f7bb-52a7-b032-1b7edd1c4d30"},"language":{"id":"00000000-0000-0000-0000-000000000000"},"last_modified":"2022-06-02T10:42:14.2252453Z"},{"elements":[{"element":{"id":"a5256390-7bda-54e6-ba28-31be6c5fc28b"},"value":[{"renditions":[],"id":"25298c37-5512-48df-a7ed-183ced8a3c56"}]},{"element":{"id":"2154f645-a6e2-5681-a0b1-fcf54b3cc633"},"value":"Automate everything"},{"element":{"id":"9a285ffb-3eda-54f9-87de-822f17a9ea41"},"value":"Ut enim ad minim veniam, quis nostrud exercitation ullamco laboris nisi ut aliquip ex ea commodo consequat."}],"workflow_step":{"id":"c199950d-99f0-4983-b711-6c4c91624b22"},"workflow":{"workflow_identifier":{"id":"00000000-0000-0000-0000-000000000000"},"step_identifier":{"id":"c199950d-99f0-4983-b711-6c4c91624b22"}},"item":{"id":"60846709-6ccc-55d8-9c6a-afc948322a1a"},"language":{"id":"00000000-0000-0000-0000-000000000000"},"last_modified":"2022-06-02T10:40:55.1116952Z"},{"elements":[{"element":{"id":"69578e85-835b-5e0d-a745-d6eec3751299"},"value":"Lorem ipsum dolor sit amet, consectetur adipiscing elit, sed do eiusmod tempor incididunt ut labore et dolore magna aliqua. Ut enim ad minim veniam, quis nostrud exercitation ullamco laboris nisi ut aliquip ex ea commodo consequat."},{"element":{"id":"90ce1e7d-eae4-5b63-b9dd-6f97d4a1a175"},"value":"Jane Doe"},{"element":{"id":"91f46c94-6aa2-58f2-b040-e767792f941e"},"value":[{"renditions":[],"id":"62fecca5-54d9-4667-b487-deaf3d82adce"}]}],"workflow_step":{"id":"c199950d-99f0-4983-b711-6c4c91624b22"},"workflow":{"workflow_identifier":{"id":"00000000-0000-0000-0000-000000000000"},"step_identifier":{"id":"c199950d-99f0-4983-b711-6c4c91624b22"}},"item":{"id":"a332ee95-e70e-52f4-a784-6c750e5ba421"},"language":{"id":"00000000-0000-0000-0000-000000000000"},"last_modified":"2022-06-02T10:50:17.6018131Z"},{"elements":[{"element":{"id":"9d8eb975-6051-5d4c-a407-66ab9f728d76"},"value":"256"},{"element":{"id":"82946395-0b76-5abf-a5d2-321d944cf151"},"value":"TB"},{"element":{"id":"9321957a-bb3c-53ee-9e3b-ca52b6d52325"},"value":""}],"workflow_step":{"id":"c199950d-99f0-4983-b711-6c4c91624b22"},"workflow":{"workflow_identifier":{"id":"00000000-0000-0000-0000-000000000000"},"step_identifier":{"id":"c199950d-99f0-4983-b711-6c4c91624b22"}},"item":{"id":"47d74700-84a3-5212-bf6f-a8a6a478c578"},"language":{"id":"00000000-0000-0000-0000-000000000000"},"last_modified":"2022-05-11T11:20:26.3715713Z"},{"elements":[{"element":{"id":"69578e85-835b-5e0d-a745-d6eec3751299"},"value":"Lorem ipsum dolor sit amet, consectetur adipiscing elit, sed do eiusmod tempor incididunt ut labore et dolore magna aliqua."},{"element":{"id":"90ce1e7d-eae4-5b63-b9dd-6f97d4a1a175"},"value":"Jane Doe"},{"element":{"id":"91f46c94-6aa2-58f2-b040-e767792f941e"},"value":[{"renditions":[],"id":"62fecca5-54d9-4667-b487-deaf3d82adce"}]}],"workflow_step":{"id":"c199950d-99f0-4983-b711-6c4c91624b22"},"workflow":{"workflow_identifier":{"id":"00000000-0000-0000-0000-000000000000"},"step_identifier":{"id":"c199950d-99f0-4983-b711-6c4c91624b22"}},"item":{"id":"b5904d9e-0f9b-55c9-a629-a3c382704d8b"},"language":{"id":"00000000-0000-0000-0000-000000000000"},"last_modified":"2022-06-02T10:52:47.3684138Z"},{"elements":[{"element":{"id":"9d8eb975-6051-5d4c-a407-66ab9f728d76"},"value":"100%"},{"element":{"id":"82946395-0b76-5abf-a5d2-321d944cf151"},"value":"Satisfaction"},{"element":{"id":"9321957a-bb3c-53ee-9e3b-ca52b6d52325"},"value":""}],"workflow_step":{"id":"c199950d-99f0-4983-b711-6c4c91624b22"},"workflow":{"workflow_identifier":{"id":"00000000-0000-0000-0000-000000000000"},"step_identifier":{"id":"c199950d-99f0-4983-b711-6c4c91624b22"}},"item":{"id":"8b5a4434-d60d-5285-8ed2-8aa049228bcb"},"language":{"id":"00000000-0000-0000-0000-000000000000"},"last_modified":"2022-05-11T11:20:26.3817381Z"},{"elements":[{"element":{"id":"a5256390-7bda-54e6-ba28-31be6c5fc28b"},"value":[{"renditions":[],"id":"aec1fec1-c05d-4602-a99d-386164b8e750"}]},{"element":{"id":"2154f645-a6e2-5681-a0b1-fcf54b3cc633"},"value":"Never pay for a homepage again"},{"element":{"id":"9a285ffb-3eda-54f9-87de-822f17a9ea41"},"value":"Lorem ipsum dolor sit amet, consectetur adipiscing elit, sed do eiusmod tempor incididunt ut labore et dolore magna aliqua."}],"workflow_step":{"id":"c199950d-99f0-4983-b711-6c4c91624b22"},"workflow":{"workflow_identifier":{"id":"00000000-0000-0000-0000-000000000000"},"step_identifier":{"id":"c199950d-99f0-4983-b711-6c4c91624b22"}},"item":{"id":"de663992-73ce-5030-b620-81b7f9b23893"},"language":{"id":"00000000-0000-0000-0000-000000000000"},"last_modified":"2022-06-02T10:39:34.3911783Z"},{"elements":[{"element":{"id":"6842749c-8640-5f16-a544-22d6129d15d7"},"value":"Products"},{"element":{"id":"7a675964-1c97-5325-9f0f-cb4859c0e9f1"},"value":"#!"}],"workflow_step":{"id":"c199950d-99f0-4983-b711-6c4c91624b22"},"workflow":{"workflow_identifier":{"id":"00000000-0000-0000-0000-000000000000"},"step_identifier":{"id":"c199950d-99f0-4983-b711-6c4c91624b22"}},"item":{"id":"7e0749ee-4732-528f-a168-dd9233b46b97"},"language":{"id":"00000000-0000-0000-0000-000000000000"},"last_modified":"2022-05-11T11:20:27.0155001Z"},{"elements":[{"element":{"id":"9d8eb975-6051-5d4c-a407-66ab9f728d76"},"value":"10k"},{"element":{"id":"82946395-0b76-5abf-a5d2-321d944cf151"},"value":"Users"},{"element":{"id":"9321957a-bb3c-53ee-9e3b-ca52b6d52325"},"value":""}],"workflow_step":{"id":"c199950d-99f0-4983-b711-6c4c91624b22"},"workflow":{"workflow_identifier":{"id":"00000000-0000-0000-0000-000000000000"},"step_identifier":{"id":"c199950d-99f0-4983-b711-6c4c91624b22"}},"item":{"id":"e3bc0bca-f65f-5b44-81b6-5947d2c9f138"},"language":{"id":"00000000-0000-0000-0000-000000000000"},"last_modified":"2022-05-11T11:20:27.0278054Z"},{"elements":[{"element":{"id":"6842749c-8640-5f16-a544-22d6129d15d7"},"value":"Community"},{"element":{"id":"7a675964-1c97-5325-9f0f-cb4859c0e9f1"},"value":"#!"}],"workflow_step":{"id":"c199950d-99f0-4983-b711-6c4c91624b22"},"workflow":{"workflow_identifier":{"id":"00000000-0000-0000-0000-000000000000"},"step_identifier":{"id":"c199950d-99f0-4983-b711-6c4c91624b22"}},"item":{"id":"99eed6ef-1040-5b6e-ae12-26f788582d15"},"language":{"id":"00000000-0000-0000-0000-000000000000"},"last_modified":"2022-05-11T11:20:27.2967435Z"},{"elements":[{"element":{"id":"6842749c-8640-5f16-a544-22d6129d15d7"},"value":"Deploy Now"},{"element":{"id":"7a675964-1c97-5325-9f0f-cb4859c0e9f1"},"value":"#"}],"workflow_step":{"id":"c199950d-99f0-4983-b711-6c4c91624b22"},"workflow":{"workflow_identifier":{"id":"00000000-0000-0000-0000-000000000000"},"step_identifier":{"id":"c199950d-99f0-4983-b711-6c4c91624b22"}},"item":{"id":"51c24f4d-e35c-5d21-b192-7f5301fbf20e"},"language":{"id":"00000000-0000-0000-0000-000000000000"},"last_modified":"2022-05-24T10:14:27.8514499Z"},{"elements":[{"element":{"id":"6842749c-8640-5f16-a544-22d6129d15d7"},"value":"GitHub"},{"element":{"id":"7a675964-1c97-5325-9f0f-cb4859c0e9f1"},"value":"#"}],"workflow_step":{"id":"c199950d-99f0-4983-b711-6c4c91624b22"},"workflow":{"workflow_identifier":{"id":"00000000-0000-0000-0000-000000000000"},"step_identifier":{"id":"c199950d-99f0-4983-b711-6c4c91624b22"}},"item":{"id":"6b905b13-c85f-58e3-8db3-4d2011f92f8c"},"language":{"id":"00000000-0000-0000-0000-000000000000"},"last_modified":"2022-05-24T10:14:01.5205971Z"},{"elements":[{"element":{"id":"6842749c-8640-5f16-a544-22d6129d15d7"},"value":"Pricing"},{"element":{"id":"7a675964-1c97-5325-9f0f-cb4859c0e9f1"},"value":"#!"}],"workflow_step":{"id":"c199950d-99f0-4983-b711-6c4c91624b22"},"workflow":{"workflow_identifier":{"id":"00000000-0000-0000-0000-000000000000"},"step_identifier":{"id":"c199950d-99f0-4983-b711-6c4c91624b22"}},"item":{"id":"0c221cec-b42b-5ea4-bb4d-1e5bcedde7af"},"language":{"id":"00000000-0000-0000-0000-000000000000"},"last_modified":"2022-05-11T11:20:27.7502839Z"},{"elements":[{"element":{"id":"6842749c-8640-5f16-a544-22d6129d15d7"},"value":"Sign Up"},{"element":{"id":"7a675964-1c97-5325-9f0f-cb4859c0e9f1"},"value":"#!"}],"workflow_step":{"id":"c199950d-99f0-4983-b711-6c4c91624b22"},"workflow":{"workflow_identifier":{"id":"00000000-0000-0000-0000-000000000000"},"step_identifier":{"id":"c199950d-99f0-4983-b711-6c4c91624b22"}},"item":{"id":"f26521cd-e3c5-540f-8adc-a76ca548f820"},"language":{"id":"00000000-0000-0000-0000-000000000000"},"last_modified":"2022-05-11T11:20:27.7557673Z"},{"elements":[{"element":{"id":"6842749c-8640-5f16-a544-22d6129d15d7"},"value":"Blog"},{"element":{"id":"7a675964-1c97-5325-9f0f-cb4859c0e9f1"},"value":"#!"}],"workflow_step":{"id":"c199950d-99f0-4983-b711-6c4c91624b22"},"workflow":{"workflow_identifier":{"id":"00000000-0000-0000-0000-000000000000"},"step_identifier":{"id":"c199950d-99f0-4983-b711-6c4c91624b22"}},"item":{"id":"553c372d-8c9c-52ef-9970-4cdf60aa0880"},"language":{"id":"00000000-0000-0000-0000-000000000000"},"last_modified":"2022-05-11T11:20:27.7651793Z"},{"elements":[{"element":{"id":"8afdf5d0-38c4-5aa2-a69b-e51ce28fe2d0"},"value":[{"id":"0f569e30-dee5-48d3-bb74-ec7c74a9894f"}]},{"element":{"id":"7ee398f0-f60b-5e8b-813c-67a75bb14fd3"},"value":"gatsbyjs"}],"workflow_step":{"id":"c199950d-99f0-4983-b711-6c4c91624b22"},"workflow":{"workflow_identifier":{"id":"00000000-0000-0000-0000-000000000000"},"step_identifier":{"id":"c199950d-99f0-4983-b711-6c4c91624b22"}},"item":{"id":"cd4f1a6f-d6e1-511e-85bd-9422d16ce798"},"language":{"id":"00000000-0000-0000-0000-000000000000"},"last_modified":"2022-05-11T11:20:27.7738742Z"},{"elements":[{"element":{"id":"6842749c-8640-5f16-a544-22d6129d15d7"},"value":"About"},{"element":{"id":"7a675964-1c97-5325-9f0f-cb4859c0e9f1"},"value":"/about"}],"workflow_step":{"id":"c199950d-99f0-4983-b711-6c4c91624b22"},"workflow":{"workflow_identifier":{"id":"00000000-0000-0000-0000-000000000000"},"step_identifier":{"id":"c199950d-99f0-4983-b711-6c4c91624b22"}},"item":{"id":"5b5e654c-5af2-5ddd-9195-34217353f0d5"},"language":{"id":"00000000-0000-0000-0000-000000000000"},"last_modified":"2022-05-11T11:20:27.779085Z"},{"elements":[{"element":{"id":"a6fb4ac4-14b2-5fd5-8227-bd2db2d21e11"},"value":[{"renditions":[],"id":"d6b6dd36-89e4-47de-99b6-9c27c6793b03"}]},{"element":{"id":"eaf77793-ce03-5bd2-b860-66b0738e6715"},"value":"Circuitz"}],"workflow_step":{"id":"c199950d-99f0-4983-b711-6c4c91624b22"},"workflow":{"workflow_identifier":{"id":"00000000-0000-0000-0000-000000000000"},"step_identifier":{"id":"c199950d-99f0-4983-b711-6c4c91624b22"}},"item":{"id":"5520913f-78f0-597e-96a4-924c109feb02"},"language":{"id":"00000000-0000-0000-0000-000000000000"},"last_modified":"2022-06-02T10:04:45.6808914Z"},{"elements":[{"element":{"id":"a6fb4ac4-14b2-5fd5-8227-bd2db2d21e11"},"value":[{"renditions":[],"id":"4866f9c8-b814-4736-a9ad-7e6af1a1dd6d"}]},{"element":{"id":"eaf77793-ce03-5bd2-b860-66b0738e6715"},"value":"Chatte"}],"workflow_step":{"id":"c199950d-99f0-4983-b711-6c4c91624b22"},"workflow":{"workflow_identifier":{"id":"00000000-0000-0000-0000-000000000000"},"step_identifier":{"id":"c199950d-99f0-4983-b711-6c4c91624b22"}},"item":{"id":"f472f9f0-2170-5384-940d-1159c24b5aaf"},"language":{"id":"00000000-0000-0000-0000-000000000000"},"last_modified":"2022-06-02T10:03:51.831076Z"},{"elements":[{"element":{"id":"8afdf5d0-38c4-5aa2-a69b-e51ce28fe2d0"},"value":[{"id":"75f44d99-697e-477f-a687-5f670b09d38a"}]},{"element":{"id":"7ee398f0-f60b-5e8b-813c-67a75bb14fd3"},"value":"gatsbyjs"}],"workflow_step":{"id":"c199950d-99f0-4983-b711-6c4c91624b22"},"workflow":{"workflow_identifier":{"id":"00000000-0000-0000-0000-000000000000"},"step_identifier":{"id":"c199950d-99f0-4983-b711-6c4c91624b22"}},"item":{"id":"643b04b0-5dee-5f85-bfc8-3cd851901859"},"language":{"id":"00000000-0000-0000-0000-000000000000"},"last_modified":"2022-05-11T11:20:28.2258098Z"},{"elements":[{"element":{"id":"6842749c-8640-5f16-a544-22d6129d15d7"},"value":"Terms"},{"element":{"id":"7a675964-1c97-5325-9f0f-cb4859c0e9f1"},"value":"/terms"}],"workflow_step":{"id":"c199950d-99f0-4983-b711-6c4c91624b22"},"workflow":{"workflow_identifier":{"id":"00000000-0000-0000-0000-000000000000"},"step_identifier":{"id":"c199950d-99f0-4983-b711-6c4c91624b22"}},"item":{"id":"e825fb91-2b19-515e-93e5-730b3b91d06a"},"language":{"id":"00000000-0000-0000-0000-000000000000"},"last_modified":"2022-05-11T11:20:28.2525437Z"},{"elements":[{"element":{"id":"7c566fa6-afe8-58dc-8375-86433c8f1217"},"value":[{"renditions":[],"id":"06d3df35-435a-4e13-85d8-801e54130e44"}]},{"element":{"id":"c95fb04c-f75a-5a7b-9e2d-8e4124cd8323"},"value":"Feature"},{"element":{"id":"fc299460-f493-5f9a-830e-a14b5e8484df"},"value":"Extensible"},{"element":{"id":"337909cd-6be8-565b-b858-5aa66e1dbc0b"},"value":"    text: Lorem ipsum dolor sit amet, consectetur adipiscing elit, sed do eiusmod tempor incididunt ut labore et dolore magna aliqua. Ut enim ad minim veniam, quis nostrud exercitation ullamco laboris nisi ut aliquip ex ea commodo consequat."},{"element":{"id":"172f3f48-8fb0-5d7c-a4cd-a66a9a3a1a0d"},"value":[{"id":"5bc5878e-0c6b-58f4-88a8-0e7904e0ac42"}]}],"workflow_step":{"id":"c199950d-99f0-4983-b711-6c4c91624b22"},"workflow":{"workflow_identifier":{"id":"00000000-0000-0000-0000-000000000000"},"step_identifier":{"id":"c199950d-99f0-4983-b711-6c4c91624b22"}},"item":{"id":"58d0eed3-c1cd-5505-997d-2f9795c923e7"},"language":{"id":"00000000-0000-0000-0000-000000000000"},"last_modified":"2022-06-02T10:28:01.5456352Z"},{"elements":[{"element":{"id":"93c9a63e-14e4-5c53-a3b6-477c65484aa3"},"value":"Feature List"},{"element":{"id":"eb92445f-ce2b-509f-971d-aa3d0bb0890e"},"value":"Batteries included"},{"element":{"id":"2e695e21-589c-5445-9637-7fef2923bd87"},"value":"Lorem ipsum dolor sit amet"},{"element":{"id":"23ed7f08-98eb-5e36-93b8-b07d4abf33e8"},"value":[{"id":"64914629-64f4-5486-90d2-84449a48b253"},{"id":"58d0eed3-c1cd-5505-997d-2f9795c923e7"}]}],"workflow_step":{"id":"c199950d-99f0-4983-b711-6c4c91624b22"},"workflow":{"workflow_identifier":{"id":"00000000-0000-0000-0000-000000000000"},"step_identifier":{"id":"c199950d-99f0-4983-b711-6c4c91624b22"}},"item":{"id":"753fac1b-c6be-539b-bcf9-974a893f051e"},"language":{"id":"00000000-0000-0000-0000-000000000000"},"last_modified":"2022-05-11T11:20:28.9603834Z"},{"elements":[{"element":{"id":"a6fb4ac4-14b2-5fd5-8227-bd2db2d21e11"},"value":[{"renditions":[],"id":"c24651f2-327e-47d2-b954-54992ca5f487"}]},{"element":{"id":"eaf77793-ce03-5bd2-b860-66b0738e6715"},"value":"Funtendo"}],"workflow_step":{"id":"c199950d-99f0-4983-b711-6c4c91624b22"},"workflow":{"workflow_identifier":{"id":"00000000-0000-0000-0000-000000000000"},"step_identifier":{"id":"c199950d-99f0-4983-b711-6c4c91624b22"}},"item":{"id":"baaf3eca-f7b3-5111-bdb2-df27c157171f"},"language":{"id":"00000000-0000-0000-0000-000000000000"},"last_modified":"2022-06-02T10:08:45.8893402Z"},{"elements":[{"element":{"id":"a6fb4ac4-14b2-5fd5-8227-bd2db2d21e11"},"value":[{"renditions":[],"id":"ac4876ee-1ee3-4a06-8478-bb1bb729c547"}]},{"element":{"id":"eaf77793-ce03-5bd2-b860-66b0738e6715"},"value":"Foobank"}],"workflow_step":{"id":"c199950d-99f0-4983-b711-6c4c91624b22"},"workflow":{"workflow_identifier":{"id":"00000000-0000-0000-0000-000000000000"},"step_identifier":{"id":"c199950d-99f0-4983-b711-6c4c91624b22"}},"item":{"id":"014737c6-734f-5d9b-89df-77db49c94c58"},"language":{"id":"00000000-0000-0000-0000-000000000000"},"last_modified":"2022-06-02T10:01:18.4805931Z"},{"elements":[{"element":{"id":"6842749c-8640-5f16-a544-22d6129d15d7"},"value":"Privacy Policy"},{"element":{"id":"7a675964-1c97-5325-9f0f-cb4859c0e9f1"},"value":"/privacy"}],"workflow_step":{"id":"c199950d-99f0-4983-b711-6c4c91624b22"},"workflow":{"workflow_identifier":{"id":"00000000-0000-0000-0000-000000000000"},"step_identifier":{"id":"c199950d-99f0-4983-b711-6c4c91624b22"}},"item":{"id":"b2397857-2752-58ee-bebb-a54c5322c8ab"},"language":{"id":"00000000-0000-0000-0000-000000000000"},"last_modified":"2022-05-11T11:20:29.0173571Z"},{"elements":[{"element":{"id":"a5256390-7bda-54e6-ba28-31be6c5fc28b"},"value":[{"renditions":[],"id":"92d9cd7d-4112-4a8a-a9e3-99636a2e5c41"}]},{"element":{"id":"2154f645-a6e2-5681-a0b1-fcf54b3cc633"},"value":"Automate everything"},{"element":{"id":"9a285ffb-3eda-54f9-87de-822f17a9ea41"},"value":"Ut enim ad minim veniam, quis nostrud exercitation ullamco laboris nisi ut aliquip ex ea commodo consequat."}],"workflow_step":{"id":"c199950d-99f0-4983-b711-6c4c91624b22"},"workflow":{"workflow_identifier":{"id":"00000000-0000-0000-0000-000000000000"},"step_identifier":{"id":"c199950d-99f0-4983-b711-6c4c91624b22"}},"item":{"id":"c862e93d-2955-5359-aade-36ebca652184"},"language":{"id":"00000000-0000-0000-0000-000000000000"},"last_modified":"2022-06-02T10:42:47.96052Z"},{"elements":[{"element":{"id":"a5256390-7bda-54e6-ba28-31be6c5fc28b"},"value":[{"renditions":[],"id":"a4acd731-fd99-4f17-a45d-15d6dc771f25"}]},{"element":{"id":"2154f645-a6e2-5681-a0b1-fcf54b3cc633"},"value":"Stay dry"},{"element":{"id":"9a285ffb-3eda-54f9-87de-822f17a9ea41"},"value":"Ut enim ad minim veniam, quis nostrud exercitation ullamco laboris nisi ut aliquip ex ea commodo consequat."}],"workflow_step":{"id":"c199950d-99f0-4983-b711-6c4c91624b22"},"workflow":{"workflow_identifier":{"id":"00000000-0000-0000-0000-000000000000"},"step_identifier":{"id":"c199950d-99f0-4983-b711-6c4c91624b22"}},"item":{"id":"d4581d32-2085-5117-a809-05ab935f7559"},"language":{"id":"00000000-0000-0000-0000-000000000000"},"last_modified":"2022-06-02T10:43:54.623776Z"},{"elements":[{"element":{"id":"6842749c-8640-5f16-a544-22d6129d15d7"},"value":"Learn more"},{"element":{"id":"7a675964-1c97-5325-9f0f-cb4859c0e9f1"},"value":"#!"}],"workflow_step":{"id":"c199950d-99f0-4983-b711-6c4c91624b22"},"workflow":{"workflow_identifier":{"id":"00000000-0000-0000-0000-000000000000"},"step_identifier":{"id":"c199950d-99f0-4983-b711-6c4c91624b22"}},"item":{"id":"a092b42f-cfc2-50b7-9559-cfd66705bcda"},"language":{"id":"00000000-0000-0000-0000-000000000000"},"last_modified":"2022-05-11T11:20:29.6980659Z"},{"elements":[{"element":{"id":"69578e85-835b-5e0d-a745-d6eec3751299"},"value":"Lorem ipsum dolor sit amet, consectetur adipiscing elit, sed do eiusmod tempor incididunt ut labore et dolore magna aliqua. Ut enim ad minim veniam, quis nostrud exercitation ullamco laboris nisi ut aliquip ex ea commodo consequat."},{"element":{"id":"90ce1e7d-eae4-5b63-b9dd-6f97d4a1a175"},"value":"Jane Doe"},{"element":{"id":"91f46c94-6aa2-58f2-b040-e767792f941e"},"value":[{"renditions":[],"id":"62fecca5-54d9-4667-b487-deaf3d82adce"}]}],"workflow_step":{"id":"c199950d-99f0-4983-b711-6c4c91624b22"},"workflow":{"workflow_identifier":{"id":"00000000-0000-0000-0000-000000000000"},"step_identifier":{"id":"c199950d-99f0-4983-b711-6c4c91624b22"}},"item":{"id":"4644d33a-04b4-595d-883b-7530a69a047c"},"language":{"id":"00000000-0000-0000-0000-000000000000"},"last_modified":"2022-06-02T10:53:15.6451224Z"},{"elements":[{"element":{"id":"a6fb4ac4-14b2-5fd5-8227-bd2db2d21e11"},"value":[{"renditions":[],"id":"603872e0-75d4-4f70-a201-fe8a27c8d41c"}]},{"element":{"id":"eaf77793-ce03-5bd2-b860-66b0738e6715"},"value":"Deezii"}],"workflow_step":{"id":"c199950d-99f0-4983-b711-6c4c91624b22"},"workflow":{"workflow_identifier":{"id":"00000000-0000-0000-0000-000000000000"},"step_identifier":{"id":"c199950d-99f0-4983-b711-6c4c91624b22"}},"item":{"id":"c3b5edf0-5f89-59ff-87fe-12f12e30295e"},"language":{"id":"00000000-0000-0000-0000-000000000000"},"last_modified":"2022-06-02T10:10:51.5334359Z"},{"elements":[{"element":{"id":"a5256390-7bda-54e6-ba28-31be6c5fc28b"},"value":[{"renditions":[],"id":"500e6023-5f82-4079-b700-26bb139de26a"}]},{"element":{"id":"2154f645-a6e2-5681-a0b1-fcf54b3cc633"},"value":"Stay in the loop"},{"element":{"id":"9a285ffb-3eda-54f9-87de-822f17a9ea41"},"value":"Lorem ipsum dolor sit amet, consectetur adipiscing elit, sed do eiusmod tempor incididunt ut labore et dolore magna aliqua."}],"workflow_step":{"id":"c199950d-99f0-4983-b711-6c4c91624b22"},"workflow":{"workflow_identifier":{"id":"00000000-0000-0000-0000-000000000000"},"step_identifier":{"id":"c199950d-99f0-4983-b711-6c4c91624b22"}},"item":{"id":"b9515416-47c0-5fc0-bc05-c59b7e8a487b"},"language":{"id":"00000000-0000-0000-0000-000000000000"},"last_modified":"2022-06-02T10:43:19.404769Z"},{"elements":[{"element":{"id":"8afdf5d0-38c4-5aa2-a69b-e51ce28fe2d0"},"value":[{"id":"0f441311-3771-48b8-a7d9-9231324142ca"}]},{"element":{"id":"7ee398f0-f60b-5e8b-813c-67a75bb14fd3"},"value":"gatsbyjs"}],"workflow_step":{"id":"c199950d-99f0-4983-b711-6c4c91624b22"},"workflow":{"workflow_identifier":{"id":"00000000-0000-0000-0000-000000000000"},"step_identifier":{"id":"c199950d-99f0-4983-b711-6c4c91624b22"}},"item":{"id":"5f929b31-eb15-5d99-8dd9-4a26822ecedf"},"language":{"id":"00000000-0000-0000-0000-000000000000"},"last_modified":"2022-05-11T11:20:30.3921081Z"},{"elements":[{"element":{"id":"8afdf5d0-38c4-5aa2-a69b-e51ce28fe2d0"},"value":[{"id":"da0bd78b-bc49-452c-8537-127b4f692ae5"}]},{"element":{"id":"7ee398f0-f60b-5e8b-813c-67a75bb14fd3"},"value":"gatsbyjs"}],"workflow_step":{"id":"c199950d-99f0-4983-b711-6c4c91624b22"},"workflow":{"workflow_identifier":{"id":"00000000-0000-0000-0000-000000000000"},"step_identifier":{"id":"c199950d-99f0-4983-b711-6c4c91624b22"}},"item":{"id":"f38ccc72-2a01-5a1f-bee7-11b544c2e398"},"language":{"id":"00000000-0000-0000-0000-000000000000"},"last_modified":"2022-05-11T11:20:30.4276061Z"},{"elements":[{"element":{"id":"8afdf5d0-38c4-5aa2-a69b-e51ce28fe2d0"},"value":[{"id":"247bc7b5-d647-42b3-b39f-5b20da7fc1d6"}]},{"element":{"id":"7ee398f0-f60b-5e8b-813c-67a75bb14fd3"},"value":"gatsbyjs"}],"workflow_step":{"id":"c199950d-99f0-4983-b711-6c4c91624b22"},"workflow":{"workflow_identifier":{"id":"00000000-0000-0000-0000-000000000000"},"step_identifier":{"id":"c199950d-99f0-4983-b711-6c4c91624b22"}},"item":{"id":"4861017f-9b59-50a0-b795-1c6cd6257d84"},"language":{"id":"00000000-0000-0000-0000-000000000000"},"last_modified":"2022-05-11T11:20:30.6477834Z"},{"elements":[{"element":{"id":"86dfc642-81a7-5da8-9412-f81ddc7135f2"},"value":"HiperMarket"},{"element":{"id":"202427b7-c261-5596-835b-d340d2b854f8"},"value":[{"renditions":[],"id":"d350a939-93d8-4c74-ac98-0b7985884b7f"}]},{"element":{"id":"644bbc55-1eb7-5b26-bad2-f7962694d8bd"},"value":"Lorem ipsum dolor sit amet, consectetur adipiscing elit, sed do eiusmod tempor incididunt ut labore et dolore magna aliqua."},{"element":{"id":"d04d36dd-3192-52f0-a5db-a869cbdc48da"},"value":[{"id":"3cfc04ca-d1f4-5b82-9cee-1d4643c9ac25"}]}],"workflow_step":{"id":"c199950d-99f0-4983-b711-6c4c91624b22"},"workflow":{"workflow_identifier":{"id":"00000000-0000-0000-0000-000000000000"},"step_identifier":{"id":"c199950d-99f0-4983-b711-6c4c91624b22"}},"item":{"id":"edb3df65-ea5b-50d2-b862-45d1d195138a"},"language":{"id":"00000000-0000-0000-0000-000000000000"},"last_modified":"2022-06-02T10:19:42.8522524Z"},{"elements":[{"element":{"id":"8afdf5d0-38c4-5aa2-a69b-e51ce28fe2d0"},"value":[{"id":"b722c6a0-f188-413f-ad05-bbb99955d09d"}]},{"element":{"id":"7ee398f0-f60b-5e8b-813c-67a75bb14fd3"},"value":"gatsbyjs"}],"workflow_step":{"id":"c199950d-99f0-4983-b711-6c4c91624b22"},"workflow":{"workflow_identifier":{"id":"00000000-0000-0000-0000-000000000000"},"step_identifier":{"id":"c199950d-99f0-4983-b711-6c4c91624b22"}},"item":{"id":"d28d3376-237d-5181-94af-d047320e2e1e"},"language":{"id":"00000000-0000-0000-0000-000000000000"},"last_modified":"2022-05-11T11:20:30.8978456Z"},{"elements":[{"element":{"id":"68135a7c-a188-5cce-873d-3a6b5540c010"},"value":"5"},{"element":{"id":"2e354b48-bc83-5949-a8ef-5ce1837310ac"},"value":"locations"}],"workflow_step":{"id":"c199950d-99f0-4983-b711-6c4c91624b22"},"workflow":{"workflow_identifier":{"id":"00000000-0000-0000-0000-000000000000"},"step_identifier":{"id":"c199950d-99f0-4983-b711-6c4c91624b22"}},"item":{"id":"7efdc319-a26d-5a19-80a1-d4071fdc8c27"},"language":{"id":"00000000-0000-0000-0000-000000000000"},"last_modified":"2022-05-11T11:20:31.3045308Z"},{"elements":[{"element":{"id":"68135a7c-a188-5cce-873d-3a6b5540c010"},"value":"2011"},{"element":{"id":"2e354b48-bc83-5949-a8ef-5ce1837310ac"},"value":"founded"}],"workflow_step":{"id":"c199950d-99f0-4983-b711-6c4c91624b22"},"workflow":{"workflow_identifier":{"id":"00000000-0000-0000-0000-000000000000"},"step_identifier":{"id":"c199950d-99f0-4983-b711-6c4c91624b22"}},"item":{"id":"9f8a0559-6837-57e6-b1ed-48a208732b17"},"language":{"id":"00000000-0000-0000-0000-000000000000"},"last_modified":"2022-05-11T11:20:31.3296398Z"},{"elements":[{"element":{"id":"86dfc642-81a7-5da8-9412-f81ddc7135f2"},"value":"AcmeTracc"},{"element":{"id":"202427b7-c261-5596-835b-d340d2b854f8"},"value":[{"renditions":[],"id":"a510a53f-bfc6-4a6b-b847-7e5e3ae9e8ab"}]},{"element":{"id":"644bbc55-1eb7-5b26-bad2-f7962694d8bd"},"value":"Lorem ipsum dolor sit amet, consectetur adipiscing elit, sed do eiusmod tempor incididunt ut labore et dolore magna aliqua."},{"element":{"id":"d04d36dd-3192-52f0-a5db-a869cbdc48da"},"value":[{"id":"3cfc04ca-d1f4-5b82-9cee-1d4643c9ac25"}]}],"workflow_step":{"id":"c199950d-99f0-4983-b711-6c4c91624b22"},"workflow":{"workflow_identifier":{"id":"00000000-0000-0000-0000-000000000000"},"step_identifier":{"id":"c199950d-99f0-4983-b711-6c4c91624b22"}},"item":{"id":"2f1feed1-011a-54f6-a960-e2cd36ed9277"},"language":{"id":"00000000-0000-0000-0000-000000000000"},"last_modified":"2022-06-02T10:18:31.134469Z"},{"elements":[{"element":{"id":"94c603e4-b3e6-53fe-9640-3ebbfddbb1a1"},"value":"hello-world"},{"element":{"id":"c8b545fa-b6a8-55d6-9000-012f60d92011"},"value":"Hello World"},{"display_timezone":null,"element":{"id":"93c7dbfe-afe9-5bc3-9839-8cce794a06f1"},"value":"2022-01-25T05:00:00Z"},{"element":{"id":"14175886-56b6-5a9a-8d8f-6057006585b5"},"value":[{"renditions":[],"id":"2189256d-1f8f-5651-888e-98453f3a8838"}]},{"components":[],"element":{"id":"94374236-7b12-51ba-8cbc-f14bdf3763d7"},"value":"<p>Hello! This is a demo blog post used for development only. This uses a Kontent Rich Text field for content.</p>\n<p><br/></p>"},{"element":{"id":"771018c0-2279-5694-9f12-442cebe34c7d"},"value":"This is an excerpt for the blog post."}],"workflow_step":{"id":"c199950d-99f0-4983-b711-6c4c91624b22"},"workflow":{"workflow_identifier":{"id":"00000000-0000-0000-0000-000000000000"},"step_identifier":{"id":"c199950d-99f0-4983-b711-6c4c91624b22"}},"item":{"id":"b94b53a0-c8ac-5da9-ba9f-78cbe6dbdf48"},"language":{"id":"00000000-0000-0000-0000-000000000000"},"last_modified":"2022-05-23T05:37:30.5496411Z"},{"elements":[{"element":{"id":"6842749c-8640-5f16-a544-22d6129d15d7"},"value":"Learn more"},{"element":{"id":"7a675964-1c97-5325-9f0f-cb4859c0e9f1"},"value":"#!"}],"workflow_step":{"id":"c199950d-99f0-4983-b711-6c4c91624b22"},"workflow":{"workflow_identifier":{"id":"00000000-0000-0000-0000-000000000000"},"step_identifier":{"id":"c199950d-99f0-4983-b711-6c4c91624b22"}},"item":{"id":"3cfc04ca-d1f4-5b82-9cee-1d4643c9ac25"},"language":{"id":"00000000-0000-0000-0000-000000000000"},"last_modified":"2022-05-11T11:20:31.5752123Z"},{"elements":[{"element":{"id":"6c0fb025-760a-5915-946f-321024e32181"},"value":"Hi, we’re Acme. We make tools like Super™ and Track® that are used by thousands of teams worldwide."},{"element":{"id":"84ac8f78-dace-5b16-b886-656e365a8c95"},"value":"We’re serious about creating amazing products, practices, open work, accessibility, and inclusivity. And in all that we strive to embed a good amount of fun. We’re rooted in the open source community and deeply care about giving back."},{"element":{"id":"88099758-b547-50d4-84b4-b5c7907287b6"},"value":[{"renditions":[],"id":"9ca8d6fa-434f-44bc-b66b-80927919866f"}]}],"workflow_step":{"id":"c199950d-99f0-4983-b711-6c4c91624b22"},"workflow":{"workflow_identifier":{"id":"00000000-0000-0000-0000-000000000000"},"step_identifier":{"id":"c199950d-99f0-4983-b711-6c4c91624b22"}},"item":{"id":"9fdadba1-1c51-5855-8995-02fec2fc00a6"},"language":{"id":"00000000-0000-0000-0000-000000000000"},"last_modified":"2022-06-02T11:00:02.1519063Z"},{"elements":[{"element":{"id":"b9193c3e-9333-5fa7-93c6-75cb4e2d53cf"},"value":[{"renditions":[],"id":"787a7ca9-bc64-4459-9431-6c26afa7ae71"}]},{"element":{"id":"1618cd3c-c994-5b07-a1ef-5932563aed4a"},"value":"Lana Steiner"},{"element":{"id":"333f16d8-ea85-5f05-8d36-617dd395ebff"},"value":"VP of Operations"}],"workflow_step":{"id":"c199950d-99f0-4983-b711-6c4c91624b22"},"workflow":{"workflow_identifier":{"id":"00000000-0000-0000-0000-000000000000"},"step_identifier":{"id":"c199950d-99f0-4983-b711-6c4c91624b22"}},"item":{"id":"1e43bdcf-8da1-5a2f-a001-39d78b72e2c6"},"language":{"id":"00000000-0000-0000-0000-000000000000"},"last_modified":"2022-06-02T11:03:35.0436572Z"},{"elements":[{"element":{"id":"68135a7c-a188-5cce-873d-3a6b5540c010"},"value":"500+"},{"element":{"id":"2e354b48-bc83-5949-a8ef-5ce1837310ac"},"value":"employees"}],"workflow_step":{"id":"c199950d-99f0-4983-b711-6c4c91624b22"},"workflow":{"workflow_identifier":{"id":"00000000-0000-0000-0000-000000000000"},"step_identifier":{"id":"c199950d-99f0-4983-b711-6c4c91624b22"}},"item":{"id":"4d35ff16-7cfa-55e6-95aa-f61083b50ab6"},"language":{"id":"00000000-0000-0000-0000-000000000000"},"last_modified":"2022-05-11T11:20:32.248986Z"},{"elements":[{"element":{"id":"b9193c3e-9333-5fa7-93c6-75cb4e2d53cf"},"value":[{"renditions":[],"id":"a24fab5c-cc2c-4c0e-8c6f-3c673fd54d47"}]},{"element":{"id":"1618cd3c-c994-5b07-a1ef-5932563aed4a"},"value":"Drew Smith"},{"element":{"id":"333f16d8-ea85-5f05-8d36-617dd395ebff"},"value":"VP of Engineering"}],"workflow_step":{"id":"c199950d-99f0-4983-b711-6c4c91624b22"},"workflow":{"workflow_identifier":{"id":"00000000-0000-0000-0000-000000000000"},"step_identifier":{"id":"c199950d-99f0-4983-b711-6c4c91624b22"}},"item":{"id":"54284bda-264d-5514-afe2-025c91087417"},"language":{"id":"00000000-0000-0000-0000-000000000000"},"last_modified":"2022-06-02T11:03:13.3245992Z"},{"elements":[{"element":{"id":"b9193c3e-9333-5fa7-93c6-75cb4e2d53cf"},"value":[{"renditions":[],"id":"6b51e373-4c5d-4847-9991-d466199c744b"}]},{"element":{"id":"1618cd3c-c994-5b07-a1ef-5932563aed4a"},"value":"Tam Seiko"},{"element":{"id":"333f16d8-ea85-5f05-8d36-617dd395ebff"},"value":"Co-founder and Design Director"}],"workflow_step":{"id":"c199950d-99f0-4983-b711-6c4c91624b22"},"workflow":{"workflow_identifier":{"id":"00000000-0000-0000-0000-000000000000"},"step_identifier":{"id":"c199950d-99f0-4983-b711-6c4c91624b22"}},"item":{"id":"0a9f43ad-2abf-5433-bdd2-7c2ffbead84b"},"language":{"id":"00000000-0000-0000-0000-000000000000"},"last_modified":"2022-06-02T11:02:53.4107198Z"},{"elements":[{"element":{"id":"b9193c3e-9333-5fa7-93c6-75cb4e2d53cf"},"value":[{"renditions":[],"id":"a8bd4d2f-9529-4a53-a084-667939f906b0"}]},{"element":{"id":"1618cd3c-c994-5b07-a1ef-5932563aed4a"},"value":"Amy Hansen"},{"element":{"id":"333f16d8-ea85-5f05-8d36-617dd395ebff"},"value":"Principal Designer"}],"workflow_step":{"id":"c199950d-99f0-4983-b711-6c4c91624b22"},"workflow":{"workflow_identifier":{"id":"00000000-0000-0000-0000-000000000000"},"step_identifier":{"id":"c199950d-99f0-4983-b711-6c4c91624b22"}},"item":{"id":"39f36764-74a2-59fb-9ea4-c4147da70f87"},"language":{"id":"00000000-0000-0000-0000-000000000000"},"last_modified":"2022-06-02T11:03:56.9885334Z"},{"elements":[{"element":{"id":"b9193c3e-9333-5fa7-93c6-75cb4e2d53cf"},"value":[{"renditions":[],"id":"966ba74b-7ed9-432a-804c-9c360f305b5c"}]},{"element":{"id":"1618cd3c-c994-5b07-a1ef-5932563aed4a"},"value":"Jermaine Hall"},{"element":{"id":"333f16d8-ea85-5f05-8d36-617dd395ebff"},"value":"Co-founder and CEO"}],"workflow_step":{"id":"c199950d-99f0-4983-b711-6c4c91624b22"},"workflow":{"workflow_identifier":{"id":"00000000-0000-0000-0000-000000000000"},"step_identifier":{"id":"c199950d-99f0-4983-b711-6c4c91624b22"}},"item":{"id":"e6364491-b986-510c-a5a2-c403435b01fe"},"language":{"id":"00000000-0000-0000-0000-000000000000"},"last_modified":"2022-06-02T11:02:35.6359013Z"},{"elements":[{"element":{"id":"b9193c3e-9333-5fa7-93c6-75cb4e2d53cf"},"value":[{"renditions":[],"id":"9a483ef9-36f1-4ff6-98f5-7ac547fd7911"}]},{"element":{"id":"1618cd3c-c994-5b07-a1ef-5932563aed4a"},"value":"Phoenix Baker"},{"element":{"id":"333f16d8-ea85-5f05-8d36-617dd395ebff"},"value":"Co-founder and CSO"}],"workflow_step":{"id":"c199950d-99f0-4983-b711-6c4c91624b22"},"workflow":{"workflow_identifier":{"id":"00000000-0000-0000-0000-000000000000"},"step_identifier":{"id":"c199950d-99f0-4983-b711-6c4c91624b22"}},"item":{"id":"e076f604-d642-5935-8929-bb200fb04ec5"},"language":{"id":"00000000-0000-0000-0000-000000000000"},"last_modified":"2022-06-02T11:02:15.4753182Z"},{"elements":[{"element":{"id":"a5256390-7bda-54e6-ba28-31be6c5fc28b"},"value":[{"renditions":[],"id":"a4acd731-fd99-4f17-a45d-15d6dc771f25"}]},{"element":{"id":"2154f645-a6e2-5681-a0b1-fcf54b3cc633"},"value":"Care about our team"},{"element":{"id":"9a285ffb-3eda-54f9-87de-822f17a9ea41"},"value":"Bottleneck mice table the discussion offline"}],"workflow_step":{"id":"c199950d-99f0-4983-b711-6c4c91624b22"},"workflow":{"workflow_identifier":{"id":"00000000-0000-0000-0000-000000000000"},"step_identifier":{"id":"c199950d-99f0-4983-b711-6c4c91624b22"}},"item":{"id":"40b1166f-112a-5dfa-b122-dc56e15d0fac"},"language":{"id":"00000000-0000-0000-0000-000000000000"},"last_modified":"2022-06-02T11:06:49.7196002Z"},{"elements":[{"element":{"id":"68135a7c-a188-5cce-873d-3a6b5540c010"},"value":"Millions"},{"element":{"id":"2e354b48-bc83-5949-a8ef-5ce1837310ac"},"value":"of users"}],"workflow_step":{"id":"c199950d-99f0-4983-b711-6c4c91624b22"},"workflow":{"workflow_identifier":{"id":"00000000-0000-0000-0000-000000000000"},"step_identifier":{"id":"c199950d-99f0-4983-b711-6c4c91624b22"}},"item":{"id":"32492f26-465b-53c2-aacd-bd639581f326"},"language":{"id":"00000000-0000-0000-0000-000000000000"},"last_modified":"2022-05-11T11:20:33.1496587Z"},{"elements":[{"element":{"id":"a5256390-7bda-54e6-ba28-31be6c5fc28b"},"value":[{"renditions":[],"id":"001553e8-ae59-424d-b2ea-d111b38697d1"}]},{"element":{"id":"2154f645-a6e2-5681-a0b1-fcf54b3cc633"},"value":"Love our users"},{"element":{"id":"9a285ffb-3eda-54f9-87de-822f17a9ea41"},"value":"We listen to the user and also hear their unstated needs."}],"workflow_step":{"id":"c199950d-99f0-4983-b711-6c4c91624b22"},"workflow":{"workflow_identifier":{"id":"00000000-0000-0000-0000-000000000000"},"step_identifier":{"id":"c199950d-99f0-4983-b711-6c4c91624b22"}},"item":{"id":"31bdc807-dc63-5333-81dd-e5f7eab385fb"},"language":{"id":"00000000-0000-0000-0000-000000000000"},"last_modified":"2022-06-02T11:09:32.6989633Z"},{"elements":[{"element":{"id":"a5256390-7bda-54e6-ba28-31be6c5fc28b"},"value":[{"renditions":[],"id":"64157230-5a15-46de-9fde-58aae8f7d949"}]},{"element":{"id":"2154f645-a6e2-5681-a0b1-fcf54b3cc633"},"value":"Details, details, details"},{"element":{"id":"9a285ffb-3eda-54f9-87de-822f17a9ea41"},"value":"Brand terrorists onward and upward!"}],"workflow_step":{"id":"c199950d-99f0-4983-b711-6c4c91624b22"},"workflow":{"workflow_identifier":{"id":"00000000-0000-0000-0000-000000000000"},"step_identifier":{"id":"c199950d-99f0-4983-b711-6c4c91624b22"}},"item":{"id":"004b7b33-8743-510f-bd80-f3f578ac3b58"},"language":{"id":"00000000-0000-0000-0000-000000000000"},"last_modified":"2022-06-02T11:10:26.9338338Z"},{"elements":[{"element":{"id":"a5256390-7bda-54e6-ba28-31be6c5fc28b"},"value":[{"renditions":[],"id":"2201e7fd-ed5d-41d4-82eb-2ad847b16cc0"}]},{"element":{"id":"2154f645-a6e2-5681-a0b1-fcf54b3cc633"},"value":"Be excellent to each other"},{"element":{"id":"9a285ffb-3eda-54f9-87de-822f17a9ea41"},"value":"We’re open, kind, and honest. We don’t play games, and we’re here to be our best selves."}],"workflow_step":{"id":"c199950d-99f0-4983-b711-6c4c91624b22"},"workflow":{"workflow_identifier":{"id":"00000000-0000-0000-0000-000000000000"},"step_identifier":{"id":"c199950d-99f0-4983-b711-6c4c91624b22"}},"item":{"id":"524f5202-d9f9-5b01-9849-156e7a4259d8"},"language":{"id":"00000000-0000-0000-0000-000000000000"},"last_modified":"2022-06-02T11:06:22.4034954Z"},{"elements":[{"element":{"id":"a5256390-7bda-54e6-ba28-31be6c5fc28b"},"value":[{"renditions":[],"id":"a0a272b1-081b-43a6-90d7-1b06659993c6"}]},{"element":{"id":"2154f645-a6e2-5681-a0b1-fcf54b3cc633"},"value":"Live our values"},{"element":{"id":"9a285ffb-3eda-54f9-87de-822f17a9ea41"},"value":"We live and breathe integrity, empathy, and quality. Always and in everything we do."}],"workflow_step":{"id":"c199950d-99f0-4983-b711-6c4c91624b22"},"workflow":{"workflow_identifier":{"id":"00000000-0000-0000-0000-000000000000"},"step_identifier":{"id":"c199950d-99f0-4983-b711-6c4c91624b22"}},"item":{"id":"7b1a2726-c07f-5ebb-9d3a-b3450a585d0e"},"language":{"id":"00000000-0000-0000-0000-000000000000"},"last_modified":"2022-06-02T11:08:24.8064719Z"},{"elements":[{"element":{"id":"a6fb4ac4-14b2-5fd5-8227-bd2db2d21e11"},"value":[{"renditions":[],"id":"d6b6dd36-89e4-47de-99b6-9c27c6793b03"}]},{"element":{"id":"eaf77793-ce03-5bd2-b860-66b0738e6715"},"value":"circutiz"}],"workflow_step":{"id":"c199950d-99f0-4983-b711-6c4c91624b22"},"workflow":{"workflow_identifier":{"id":"00000000-0000-0000-0000-000000000000"},"step_identifier":{"id":"c199950d-99f0-4983-b711-6c4c91624b22"}},"item":{"id":"9b542407-2938-51de-b624-f21798b783bd"},"language":{"id":"00000000-0000-0000-0000-000000000000"},"last_modified":"2022-06-02T11:13:17.420272Z"},{"elements":[{"element":{"id":"a5256390-7bda-54e6-ba28-31be6c5fc28b"},"value":[{"renditions":[],"id":"25298c37-5512-48df-a7ed-183ced8a3c56"}]},{"element":{"id":"2154f645-a6e2-5681-a0b1-fcf54b3cc633"},"value":"Push the limits"},{"element":{"id":"9a285ffb-3eda-54f9-87de-822f17a9ea41"},"value":"We love breaking new grounds, and revel in unknowns. Always ask “why not?”"}],"workflow_step":{"id":"c199950d-99f0-4983-b711-6c4c91624b22"},"workflow":{"workflow_identifier":{"id":"00000000-0000-0000-0000-000000000000"},"step_identifier":{"id":"c199950d-99f0-4983-b711-6c4c91624b22"}},"item":{"id":"431249c5-70c4-5ba8-b79e-a122145dc2c3"},"language":{"id":"00000000-0000-0000-0000-000000000000"},"last_modified":"2022-06-02T11:07:10.3103474Z"},{"elements":[{"element":{"id":"a6fb4ac4-14b2-5fd5-8227-bd2db2d21e11"},"value":[{"renditions":[],"id":"c24651f2-327e-47d2-b954-54992ca5f487"}]},{"element":{"id":"eaf77793-ce03-5bd2-b860-66b0738e6715"},"value":"funtendo"}],"workflow_step":{"id":"c199950d-99f0-4983-b711-6c4c91624b22"},"workflow":{"workflow_identifier":{"id":"00000000-0000-0000-0000-000000000000"},"step_identifier":{"id":"c199950d-99f0-4983-b711-6c4c91624b22"}},"item":{"id":"d8da4584-2ca8-5c0b-b16a-cb73c6c647ad"},"language":{"id":"00000000-0000-0000-0000-000000000000"},"last_modified":"2022-06-02T11:14:09.1016715Z"},{"elements":[{"element":{"id":"a6fb4ac4-14b2-5fd5-8227-bd2db2d21e11"},"value":[{"renditions":[],"id":"ac4876ee-1ee3-4a06-8478-bb1bb729c547"}]},{"element":{"id":"eaf77793-ce03-5bd2-b860-66b0738e6715"},"value":"fairbank"}],"workflow_step":{"id":"c199950d-99f0-4983-b711-6c4c91624b22"},"workflow":{"workflow_identifier":{"id":"00000000-0000-0000-0000-000000000000"},"step_identifier":{"id":"c199950d-99f0-4983-b711-6c4c91624b22"}},"item":{"id":"a5132f01-889a-57ed-adc5-9d925d707e5f"},"language":{"id":"00000000-0000-0000-0000-000000000000"},"last_modified":"2022-06-02T11:12:33.3985205Z"},{"elements":[{"element":{"id":"a6fb4ac4-14b2-5fd5-8227-bd2db2d21e11"},"value":[{"renditions":[],"id":"4866f9c8-b814-4736-a9ad-7e6af1a1dd6d"}]},{"element":{"id":"eaf77793-ce03-5bd2-b860-66b0738e6715"},"value":"chatte"}],"workflow_step":{"id":"c199950d-99f0-4983-b711-6c4c91624b22"},"workflow":{"workflow_identifier":{"id":"00000000-0000-0000-0000-000000000000"},"step_identifier":{"id":"c199950d-99f0-4983-b711-6c4c91624b22"}},"item":{"id":"c7c2c63f-f746-52d7-9477-ca10358e8c5f"},"language":{"id":"00000000-0000-0000-0000-000000000000"},"last_modified":"2022-06-02T11:16:05.472254Z"},{"elements":[{"element":{"id":"a6fb4ac4-14b2-5fd5-8227-bd2db2d21e11"},"value":[{"renditions":[],"id":"603872e0-75d4-4f70-a201-fe8a27c8d41c"}]},{"element":{"id":"eaf77793-ce03-5bd2-b860-66b0738e6715"},"value":"deezii"}],"workflow_step":{"id":"c199950d-99f0-4983-b711-6c4c91624b22"},"workflow":{"workflow_identifier":{"id":"00000000-0000-0000-0000-000000000000"},"step_identifier":{"id":"c199950d-99f0-4983-b711-6c4c91624b22"}},"item":{"id":"10f1622a-1600-5fa4-bb59-21204648561b"},"language":{"id":"00000000-0000-0000-0000-000000000000"},"last_modified":"2022-06-02T11:14:46.3158019Z"},{"elements":[{"element":{"id":"a6fb4ac4-14b2-5fd5-8227-bd2db2d21e11"},"value":[{"renditions":[],"id":"603872e0-75d4-4f70-a201-fe8a27c8d41c"}]},{"element":{"id":"eaf77793-ce03-5bd2-b860-66b0738e6715"},"value":"deezii"}],"workflow_step":{"id":"c199950d-99f0-4983-b711-6c4c91624b22"},"workflow":{"workflow_identifier":{"id":"00000000-0000-0000-0000-000000000000"},"step_identifier":{"id":"c199950d-99f0-4983-b711-6c4c91624b22"}},"item":{"id":"297a7195-0d11-5fb3-bd45-c18b205785bc"},"language":{"id":"00000000-0000-0000-0000-000000000000"},"last_modified":"2022-06-02T11:15:43.1662268Z"},{"elements":[{"element":{"id":"a6fb4ac4-14b2-5fd5-8227-bd2db2d21e11"},"value":[{"renditions":[],"id":"c24651f2-327e-47d2-b954-54992ca5f487"}]},{"element":{"id":"eaf77793-ce03-5bd2-b860-66b0738e6715"},"value":"funtendo"}],"workflow_step":{"id":"c199950d-99f0-4983-b711-6c4c91624b22"},"workflow":{"workflow_identifier":{"id":"00000000-0000-0000-0000-000000000000"},"step_identifier":{"id":"c199950d-99f0-4983-b711-6c4c91624b22"}},"item":{"id":"fd5ad56b-7850-5097-8509-467a912f997a"},"language":{"id":"00000000-0000-0000-0000-000000000000"},"last_modified":"2022-06-02T11:15:24.5503203Z"},{"elements":[{"element":{"id":"a6fb4ac4-14b2-5fd5-8227-bd2db2d21e11"},"value":[{"renditions":[],"id":"4866f9c8-b814-4736-a9ad-7e6af1a1dd6d"}]},{"element":{"id":"eaf77793-ce03-5bd2-b860-66b0738e6715"},"value":"chatte"}],"workflow_step":{"id":"c199950d-99f0-4983-b711-6c4c91624b22"},"workflow":{"workflow_identifier":{"id":"00000000-0000-0000-0000-000000000000"},"step_identifier":{"id":"c199950d-99f0-4983-b711-6c4c91624b22"}},"item":{"id":"68eeec38-cd3e-5c68-a98f-03574e8e5a50"},"language":{"id":"00000000-0000-0000-0000-000000000000"},"last_modified":"2022-06-02T11:12:53.2406972Z"},{"elements":[{"element":{"id":"a6fb4ac4-14b2-5fd5-8227-bd2db2d21e11"},"value":[{"renditions":[],"id":"603872e0-75d4-4f70-a201-fe8a27c8d41c"}]},{"element":{"id":"eaf77793-ce03-5bd2-b860-66b0738e6715"},"value":"deezii"}],"workflow_step":{"id":"c199950d-99f0-4983-b711-6c4c91624b22"},"workflow":{"workflow_identifier":{"id":"00000000-0000-0000-0000-000000000000"},"step_identifier":{"id":"c199950d-99f0-4983-b711-6c4c91624b22"}},"item":{"id":"94fc866a-1597-5da0-acc4-53a3af4b3f63"},"language":{"id":"00000000-0000-0000-0000-000000000000"},"last_modified":"2022-06-02T11:20:30.5885703Z"},{"elements":[{"element":{"id":"a6fb4ac4-14b2-5fd5-8227-bd2db2d21e11"},"value":[{"renditions":[],"id":"4866f9c8-b814-4736-a9ad-7e6af1a1dd6d"}]},{"element":{"id":"eaf77793-ce03-5bd2-b860-66b0738e6715"},"value":"chatte"}],"workflow_step":{"id":"c199950d-99f0-4983-b711-6c4c91624b22"},"workflow":{"workflow_identifier":{"id":"00000000-0000-0000-0000-000000000000"},"step_identifier":{"id":"c199950d-99f0-4983-b711-6c4c91624b22"}},"item":{"id":"ab15da5b-ad46-5db8-8b91-68d36c535d00"},"language":{"id":"00000000-0000-0000-0000-000000000000"},"last_modified":"2022-06-02T11:19:05.9460284Z"},{"elements":[{"element":{"id":"a6fb4ac4-14b2-5fd5-8227-bd2db2d21e11"},"value":[{"renditions":[],"id":"d6b6dd36-89e4-47de-99b6-9c27c6793b03"}]},{"element":{"id":"eaf77793-ce03-5bd2-b860-66b0738e6715"},"value":"circuitz"}],"workflow_step":{"id":"c199950d-99f0-4983-b711-6c4c91624b22"},"workflow":{"workflow_identifier":{"id":"00000000-0000-0000-0000-000000000000"},"step_identifier":{"id":"c199950d-99f0-4983-b711-6c4c91624b22"}},"item":{"id":"316ef0c3-914f-58a6-84d0-03eb2a2d2a74"},"language":{"id":"00000000-0000-0000-0000-000000000000"},"last_modified":"2022-06-02T11:16:30.5430781Z"},{"elements":[{"element":{"id":"a6fb4ac4-14b2-5fd5-8227-bd2db2d21e11"},"value":[{"renditions":[],"id":"ac4876ee-1ee3-4a06-8478-bb1bb729c547"}]},{"element":{"id":"eaf77793-ce03-5bd2-b860-66b0738e6715"},"value":"fairbank"}],"workflow_step":{"id":"c199950d-99f0-4983-b711-6c4c91624b22"},"workflow":{"workflow_identifier":{"id":"00000000-0000-0000-0000-000000000000"},"step_identifier":{"id":"c199950d-99f0-4983-b711-6c4c91624b22"}},"item":{"id":"f6342abf-c166-577d-b366-ec7deb2d723f"},"language":{"id":"00000000-0000-0000-0000-000000000000"},"last_modified":"2022-06-02T11:20:05.5212259Z"},{"elements":[{"element":{"id":"a6fb4ac4-14b2-5fd5-8227-bd2db2d21e11"},"value":[{"renditions":[],"id":"c24651f2-327e-47d2-b954-54992ca5f487"}]},{"element":{"id":"eaf77793-ce03-5bd2-b860-66b0738e6715"},"value":"funtendo"}],"workflow_step":{"id":"c199950d-99f0-4983-b711-6c4c91624b22"},"workflow":{"workflow_identifier":{"id":"00000000-0000-0000-0000-000000000000"},"step_identifier":{"id":"c199950d-99f0-4983-b711-6c4c91624b22"}},"item":{"id":"b4ee98ec-62f5-5871-bffd-6cf021762cea"},"language":{"id":"00000000-0000-0000-0000-000000000000"},"last_modified":"2022-06-02T11:19:30.6871403Z"},{"elements":[{"element":{"id":"6842749c-8640-5f16-a544-22d6129d15d7"},"value":"Super App"},{"element":{"id":"7a675964-1c97-5325-9f0f-cb4859c0e9f1"},"value":"#!"}],"workflow_step":{"id":"c199950d-99f0-4983-b711-6c4c91624b22"},"workflow":{"workflow_identifier":{"id":"00000000-0000-0000-0000-000000000000"},"step_identifier":{"id":"c199950d-99f0-4983-b711-6c4c91624b22"}},"item":{"id":"b2627260-ae2e-58c4-b9e8-0c763e6b3036"},"language":{"id":"00000000-0000-0000-0000-000000000000"},"last_modified":"2022-05-11T11:20:35.3384921Z"},{"elements":[{"element":{"id":"6842749c-8640-5f16-a544-22d6129d15d7"},"value":"Deploy to Gatsby"},{"element":{"id":"7a675964-1c97-5325-9f0f-cb4859c0e9f1"},"value":"#!"}],"workflow_step":{"id":"c199950d-99f0-4983-b711-6c4c91624b22"},"workflow":{"workflow_identifier":{"id":"00000000-0000-0000-0000-000000000000"},"step_identifier":{"id":"c199950d-99f0-4983-b711-6c4c91624b22"}},"item":{"id":"31d0435f-1129-5724-bdf7-6fb6cd2e62bb"},"language":{"id":"00000000-0000-0000-0000-000000000000"},"last_modified":"2022-05-11T11:20:35.3467061Z"},{"elements":[{"element":{"id":"a6fb4ac4-14b2-5fd5-8227-bd2db2d21e11"},"value":[{"renditions":[],"id":"ac4876ee-1ee3-4a06-8478-bb1bb729c547"}]},{"element":{"id":"eaf77793-ce03-5bd2-b860-66b0738e6715"},"value":"fairbank"}],"workflow_step":{"id":"c199950d-99f0-4983-b711-6c4c91624b22"},"workflow":{"workflow_identifier":{"id":"00000000-0000-0000-0000-000000000000"},"step_identifier":{"id":"c199950d-99f0-4983-b711-6c4c91624b22"}},"item":{"id":"6b1afc26-fe46-5832-bb6c-dab9e740bd13"},"language":{"id":"00000000-0000-0000-0000-000000000000"},"last_modified":"2022-06-02T11:16:52.9653032Z"},{"elements":[{"element":{"id":"a6fb4ac4-14b2-5fd5-8227-bd2db2d21e11"},"value":[{"renditions":[],"id":"d6b6dd36-89e4-47de-99b6-9c27c6793b03"}]},{"element":{"id":"eaf77793-ce03-5bd2-b860-66b0738e6715"},"value":"circutiz"}],"workflow_step":{"id":"c199950d-99f0-4983-b711-6c4c91624b22"},"workflow":{"workflow_identifier":{"id":"00000000-0000-0000-0000-000000000000"},"step_identifier":{"id":"c199950d-99f0-4983-b711-6c4c91624b22"}},"item":{"id":"e50398a8-0eea-543b-8009-1c1d682f4629"},"language":{"id":"00000000-0000-0000-0000-000000000000"},"last_modified":"2022-06-02T11:18:29.7020489Z"},{"elements":[{"element":{"id":"6842749c-8640-5f16-a544-22d6129d15d7"},"value":"See the demo"},{"element":{"id":"7a675964-1c97-5325-9f0f-cb4859c0e9f1"},"value":"#!"}],"workflow_step":{"id":"c199950d-99f0-4983-b711-6c4c91624b22"},"workflow":{"workflow_identifier":{"id":"00000000-0000-0000-0000-000000000000"},"step_identifier":{"id":"c199950d-99f0-4983-b711-6c4c91624b22"}},"item":{"id":"d169fd8e-bd6a-5843-89c3-426cd5ccedd9"},"language":{"id":"00000000-0000-0000-0000-000000000000"},"last_modified":"2022-05-11T11:20:35.6465865Z"},{"elements":[{"element":{"id":"6842749c-8640-5f16-a544-22d6129d15d7"},"value":"AcmeTrack"},{"element":{"id":"7a675964-1c97-5325-9f0f-cb4859c0e9f1"},"value":"#!"}],"workflow_step":{"id":"c199950d-99f0-4983-b711-6c4c91624b22"},"workflow":{"workflow_identifier":{"id":"00000000-0000-0000-0000-000000000000"},"step_identifier":{"id":"c199950d-99f0-4983-b711-6c4c91624b22"}},"item":{"id":"f699e549-63dd-5d14-8153-8c9f87559dae"},"language":{"id":"00000000-0000-0000-0000-000000000000"},"last_modified":"2022-05-11T11:20:36.0546507Z"},{"elements":[{"element":{"id":"6842749c-8640-5f16-a544-22d6129d15d7"},"value":"Explore customer stories"},{"element":{"id":"7a675964-1c97-5325-9f0f-cb4859c0e9f1"},"value":"#!"}],"workflow_step":{"id":"c199950d-99f0-4983-b711-6c4c91624b22"},"workflow":{"workflow_identifier":{"id":"00000000-0000-0000-0000-000000000000"},"step_identifier":{"id":"c199950d-99f0-4983-b711-6c4c91624b22"}},"item":{"id":"7690e4e9-f55f-542d-8df5-a657d2861ee9"},"language":{"id":"00000000-0000-0000-0000-000000000000"},"last_modified":"2022-05-11T11:20:36.068513Z"},{"elements":[{"element":{"id":"6842749c-8640-5f16-a544-22d6129d15d7"},"value":"HyperMarket"},{"element":{"id":"7a675964-1c97-5325-9f0f-cb4859c0e9f1"},"value":"#!"}],"workflow_step":{"id":"c199950d-99f0-4983-b711-6c4c91624b22"},"workflow":{"workflow_identifier":{"id":"00000000-0000-0000-0000-000000000000"},"step_identifier":{"id":"c199950d-99f0-4983-b711-6c4c91624b22"}},"item":{"id":"454c511e-a832-51b8-90e1-24e30b5513ca"},"language":{"id":"00000000-0000-0000-0000-000000000000"},"last_modified":"2022-05-11T11:20:36.0763934Z"},{"elements":[{"element":{"id":"6842749c-8640-5f16-a544-22d6129d15d7"},"value":"Deploy to Gatsby"},{"element":{"id":"7a675964-1c97-5325-9f0f-cb4859c0e9f1"},"value":"#!"}],"workflow_step":{"id":"c199950d-99f0-4983-b711-6c4c91624b22"},"workflow":{"workflow_identifier":{"id":"00000000-0000-0000-0000-000000000000"},"step_identifier":{"id":"c199950d-99f0-4983-b711-6c4c91624b22"}},"item":{"id":"31eb9409-b30b-5674-8d58-367652f5f7cf"},"language":{"id":"00000000-0000-0000-0000-000000000000"},"last_modified":"2022-05-11T11:20:36.0796871Z"},{"elements":[{"element":{"id":"b8a1e186-2be9-58ab-9f80-3e91910d8a60"},"value":"Market"},{"element":{"id":"46d1b678-aa10-5b85-ad03-fb6bb75fe478"},"value":"#!"},{"element":{"id":"955324d1-90f5-5bc4-92ed-7cf4493afe42"},"value":[{"renditions":[],"id":"aa20da6b-9f6b-4b99-92f0-89753390a0dd"}]},{"element":{"id":"843b6e9f-59a0-51da-a1db-dec0e5dfba52"},"value":"Incremental crawl so much wow this explains why these are different boom"}],"workflow_step":{"id":"c199950d-99f0-4983-b711-6c4c91624b22"},"workflow":{"workflow_identifier":{"id":"00000000-0000-0000-0000-000000000000"},"step_identifier":{"id":"c199950d-99f0-4983-b711-6c4c91624b22"}},"item":{"id":"31e174bd-3d65-51fd-b8c7-d88f593fbc07"},"language":{"id":"00000000-0000-0000-0000-000000000000"},"last_modified":"2022-06-02T11:25:53.9665541Z"},{"elements":[{"element":{"id":"b8a1e186-2be9-58ab-9f80-3e91910d8a60"},"value":"Track"},{"element":{"id":"46d1b678-aa10-5b85-ad03-fb6bb75fe478"},"value":"#!"},{"element":{"id":"955324d1-90f5-5bc4-92ed-7cf4493afe42"},"value":[{"renditions":[],"id":"f12f96da-12dd-422f-97c7-09594f74dfaf"}]},{"element":{"id":"843b6e9f-59a0-51da-a1db-dec0e5dfba52"},"value":""}],"workflow_step":{"id":"c199950d-99f0-4983-b711-6c4c91624b22"},"workflow":{"workflow_identifier":{"id":"00000000-0000-0000-0000-000000000000"},"step_identifier":{"id":"c199950d-99f0-4983-b711-6c4c91624b22"}},"item":{"id":"a8e1a09d-a645-5fa1-b0fe-24d7a09a4e97"},"language":{"id":"00000000-0000-0000-0000-000000000000"},"last_modified":"2022-06-02T11:28:37.6662182Z"},{"elements":[{"element":{"id":"b8a1e186-2be9-58ab-9f80-3e91910d8a60"},"value":"Super"},{"element":{"id":"46d1b678-aa10-5b85-ad03-fb6bb75fe478"},"value":"#!"},{"element":{"id":"955324d1-90f5-5bc4-92ed-7cf4493afe42"},"value":[{"renditions":[],"id":"f86f33fd-2732-4d0e-82ca-c824cba58f9a"}]},{"element":{"id":"843b6e9f-59a0-51da-a1db-dec0e5dfba52"},"value":""}],"workflow_step":{"id":"c199950d-99f0-4983-b711-6c4c91624b22"},"workflow":{"workflow_identifier":{"id":"00000000-0000-0000-0000-000000000000"},"step_identifier":{"id":"c199950d-99f0-4983-b711-6c4c91624b22"}},"item":{"id":"e5ad1d4c-2b31-523f-a0ac-94436899ba8c"},"language":{"id":"00000000-0000-0000-0000-000000000000"},"last_modified":"2022-06-02T11:29:04.5134961Z"},{"elements":[{"element":{"id":"6842749c-8640-5f16-a544-22d6129d15d7"},"value":"See the demo"},{"element":{"id":"7a675964-1c97-5325-9f0f-cb4859c0e9f1"},"value":"#!"}],"workflow_step":{"id":"c199950d-99f0-4983-b711-6c4c91624b22"},"workflow":{"workflow_identifier":{"id":"00000000-0000-0000-0000-000000000000"},"step_identifier":{"id":"c199950d-99f0-4983-b711-6c4c91624b22"}},"item":{"id":"f7fda188-85ca-5752-99d8-102f7114a55f"},"language":{"id":"00000000-0000-0000-0000-000000000000"},"last_modified":"2022-05-11T11:20:36.6718139Z"},{"elements":[{"element":{"id":"b8a1e186-2be9-58ab-9f80-3e91910d8a60"},"value":"Pricing"},{"element":{"id":"46d1b678-aa10-5b85-ad03-fb6bb75fe478"},"value":"#!"},{"element":{"id":"955324d1-90f5-5bc4-92ed-7cf4493afe42"},"value":[]},{"element":{"id":"843b6e9f-59a0-51da-a1db-dec0e5dfba52"},"value":""}],"workflow_step":{"id":"c199950d-99f0-4983-b711-6c4c91624b22"},"workflow":{"workflow_identifier":{"id":"00000000-0000-0000-0000-000000000000"},"step_identifier":{"id":"c199950d-99f0-4983-b711-6c4c91624b22"}},"item":{"id":"e807a726-b926-5beb-8edb-77d427d49c4d"},"language":{"id":"00000000-0000-0000-0000-000000000000"},"last_modified":"2022-05-11T11:20:36.6761413Z"},{"elements":[{"element":{"id":"b8a1e186-2be9-58ab-9f80-3e91910d8a60"},"value":"Blog"},{"element":{"id":"46d1b678-aa10-5b85-ad03-fb6bb75fe478"},"value":"#!"},{"element":{"id":"955324d1-90f5-5bc4-92ed-7cf4493afe42"},"value":[]},{"element":{"id":"843b6e9f-59a0-51da-a1db-dec0e5dfba52"},"value":""}],"workflow_step":{"id":"c199950d-99f0-4983-b711-6c4c91624b22"},"workflow":{"workflow_identifier":{"id":"00000000-0000-0000-0000-000000000000"},"step_identifier":{"id":"c199950d-99f0-4983-b711-6c4c91624b22"}},"item":{"id":"46aba601-5f41-5bbe-8638-bd8310f9003c"},"language":{"id":"00000000-0000-0000-0000-000000000000"},"last_modified":"2022-05-11T11:20:36.9265736Z"},{"elements":[{"element":{"id":"65eb9762-eebd-5b7c-a14c-7b8c105960ef"},"value":"Company culture comes in many shapes and forms, but we particularly pride ourselves on:"},{"element":{"id":"82dca37a-460f-5a7a-a270-5422f8d07814"},"value":""},{"element":{"id":"976e5ec8-8bf3-5e8a-bf56-3f58dcc74c4e"},"value":""},{"element":{"id":"9afefbf0-0f69-5b90-bb9c-887742dc8af4"},"value":[{"id":"524f5202-d9f9-5b01-9849-156e7a4259d8"},{"id":"40b1166f-112a-5dfa-b122-dc56e15d0fac"},{"id":"431249c5-70c4-5ba8-b79e-a122145dc2c3"},{"id":"7b1a2726-c07f-5ebb-9d3a-b3450a585d0e"},{"id":"31bdc807-dc63-5333-81dd-e5f7eab385fb"},{"id":"004b7b33-8743-510f-bd80-f3f578ac3b58"}]}],"workflow_step":{"id":"c199950d-99f0-4983-b711-6c4c91624b22"},"workflow":{"workflow_identifier":{"id":"00000000-0000-0000-0000-000000000000"},"step_identifier":{"id":"c199950d-99f0-4983-b711-6c4c91624b22"}},"item":{"id":"82c4fa1b-5710-586d-99ec-bf93bd9ef2f4"},"language":{"id":"00000000-0000-0000-0000-000000000000"},"last_modified":"2022-05-11T11:20:37.3595256Z"},{"elements":[{"element":{"id":"f16740d0-4a51-562e-ac83-c9707dc63df5"},"value":"Why Acme is the best"},{"element":{"id":"29b06ae6-0963-5b44-901f-7704101773df"},"value":"Our leadership"},{"element":{"id":"1a32263f-06eb-5724-9fec-e69c2013d5ee"},"value":"At the end of the day customer centric, so circle back translating our vision of having a market leading platform into the weeds let's schedule a standup during the sprint to review our KPIs."},{"element":{"id":"8c8d645c-e1a0-576a-9e11-8e9560678b32"},"value":[{"id":"e076f604-d642-5935-8929-bb200fb04ec5"},{"id":"e6364491-b986-510c-a5a2-c403435b01fe"},{"id":"0a9f43ad-2abf-5433-bdd2-7c2ffbead84b"},{"id":"54284bda-264d-5514-afe2-025c91087417"},{"id":"1e43bdcf-8da1-5a2f-a001-39d78b72e2c6"},{"id":"39f36764-74a2-59fb-9ea4-c4147da70f87"}]}],"workflow_step":{"id":"c199950d-99f0-4983-b711-6c4c91624b22"},"workflow":{"workflow_identifier":{"id":"00000000-0000-0000-0000-000000000000"},"step_identifier":{"id":"c199950d-99f0-4983-b711-6c4c91624b22"}},"item":{"id":"314659bf-77b0-5f1b-a1bc-79ec7c62225c"},"language":{"id":"00000000-0000-0000-0000-000000000000"},"last_modified":"2022-05-11T11:20:37.3672055Z"},{"elements":[{"element":{"id":"b8a1e186-2be9-58ab-9f80-3e91910d8a60"},"value":"About"},{"element":{"id":"46d1b678-aa10-5b85-ad03-fb6bb75fe478"},"value":"/about"},{"element":{"id":"955324d1-90f5-5bc4-92ed-7cf4493afe42"},"value":[]},{"element":{"id":"843b6e9f-59a0-51da-a1db-dec0e5dfba52"},"value":""}],"workflow_step":{"id":"c199950d-99f0-4983-b711-6c4c91624b22"},"workflow":{"workflow_identifier":{"id":"00000000-0000-0000-0000-000000000000"},"step_identifier":{"id":"c199950d-99f0-4983-b711-6c4c91624b22"}},"item":{"id":"ece52b13-a153-5421-8cf8-292088020ec0"},"language":{"id":"00000000-0000-0000-0000-000000000000"},"last_modified":"2022-05-11T11:20:37.3953137Z"},{"elements":[{"element":{"id":"678f1627-eead-546e-aa4d-010fe9b0928c"},"value":[{"id":"9f8a0559-6837-57e6-b1ed-48a208732b17"},{"id":"4d35ff16-7cfa-55e6-95aa-f61083b50ab6"},{"id":"7efdc319-a26d-5a19-80a1-d4071fdc8c27"},{"id":"32492f26-465b-53c2-aacd-bd639581f326"}]}],"workflow_step":{"id":"c199950d-99f0-4983-b711-6c4c91624b22"},"workflow":{"workflow_identifier":{"id":"00000000-0000-0000-0000-000000000000"},"step_identifier":{"id":"c199950d-99f0-4983-b711-6c4c91624b22"}},"item":{"id":"8bb1be22-7249-5857-950a-8e93d01fb441"},"language":{"id":"00000000-0000-0000-0000-000000000000"},"last_modified":"2022-05-11T11:20:37.3977837Z"},{"elements":[{"element":{"id":"453b61fb-e4db-5b58-9b4f-e0a2b1bffc8c"},"value":"Products"},{"element":{"id":"c98e7b90-60fc-55ff-a123-ec2c5a36f59b"},"value":[{"id":"e5ad1d4c-2b31-523f-a0ac-94436899ba8c"},{"id":"31e174bd-3d65-51fd-b8c7-d88f593fbc07"},{"id":"a8e1a09d-a645-5fa1-b0fe-24d7a09a4e97"}]}],"workflow_step":{"id":"c199950d-99f0-4983-b711-6c4c91624b22"},"workflow":{"workflow_identifier":{"id":"00000000-0000-0000-0000-000000000000"},"step_identifier":{"id":"c199950d-99f0-4983-b711-6c4c91624b22"}},"item":{"id":"5607cfb1-2f7d-581c-b74f-d7fd402d8b7f"},"language":{"id":"00000000-0000-0000-0000-000000000000"},"last_modified":"2022-05-11T11:20:37.4260792Z"},{"elements":[{"element":{"id":"5f76eb9f-ede9-510b-a831-9b0f8e862c3c"},"value":"Header"},{"element":{"id":"297ab8d1-48d2-5367-9912-e1a08617acca"},"value":[{"id":"f26521cd-e3c5-540f-8adc-a76ca548f820"}]},{"element":{"id":"29239ca6-2b57-5026-aaf2-a77964f98f1c"},"value":[{"id":"5607cfb1-2f7d-581c-b74f-d7fd402d8b7f"},{"id":"e807a726-b926-5beb-8edb-77d427d49c4d"},{"id":"ece52b13-a153-5421-8cf8-292088020ec0"},{"id":"46aba601-5f41-5bbe-8638-bd8310f9003c"}]}],"workflow_step":{"id":"c199950d-99f0-4983-b711-6c4c91624b22"},"workflow":{"workflow_identifier":{"id":"00000000-0000-0000-0000-000000000000"},"step_identifier":{"id":"c199950d-99f0-4983-b711-6c4c91624b22"}},"item":{"id":"64297733-a851-5d46-8da6-ce1c77f3cb90"},"language":{"id":"00000000-0000-0000-0000-000000000000"},"last_modified":"2022-05-11T11:20:37.8713242Z"},{"elements":[{"element":{"id":"4524bd52-c00d-5857-b209-a6f2e9acae44"},"value":"100% of the Fortune 100 choose Acme"},{"element":{"id":"f62a110a-12f1-5307-b6f9-3ab8072303fb"},"value":[{"id":"7690e4e9-f55f-542d-8df5-a657d2861ee9"}]},{"element":{"id":"2206caf1-dfbf-54fd-8515-4c5c4b54dd4f"},"value":[{"id":"7690e4e9-f55f-542d-8df5-a657d2861ee9"}]},{"element":{"id":"52b7ff97-1202-53ef-b0a5-d58317350d7a"},"value":[{"id":"a5132f01-889a-57ed-adc5-9d925d707e5f"},{"id":"68eeec38-cd3e-5c68-a98f-03574e8e5a50"},{"id":"9b542407-2938-51de-b624-f21798b783bd"},{"id":"d8da4584-2ca8-5c0b-b16a-cb73c6c647ad"},{"id":"10f1622a-1600-5fa4-bb59-21204648561b"},{"id":"fd5ad56b-7850-5097-8509-467a912f997a"},{"id":"297a7195-0d11-5fb3-bd45-c18b205785bc"},{"id":"c7c2c63f-f746-52d7-9477-ca10358e8c5f"},{"id":"316ef0c3-914f-58a6-84d0-03eb2a2d2a74"},{"id":"6b1afc26-fe46-5832-bb6c-dab9e740bd13"},{"id":"e50398a8-0eea-543b-8009-1c1d682f4629"},{"id":"ab15da5b-ad46-5db8-8b91-68d36c535d00"},{"id":"b4ee98ec-62f5-5871-bffd-6cf021762cea"},{"id":"f6342abf-c166-577d-b366-ec7deb2d723f"},{"id":"94fc866a-1597-5da0-acc4-53a3af4b3f63"}]}],"workflow_step":{"id":"c199950d-99f0-4983-b711-6c4c91624b22"},"workflow":{"workflow_identifier":{"id":"00000000-0000-0000-0000-000000000000"},"step_identifier":{"id":"c199950d-99f0-4983-b711-6c4c91624b22"}},"item":{"id":"0c48cacd-65cb-5bb5-be1a-cc68b78bf27d"},"language":{"id":"00000000-0000-0000-0000-000000000000"},"last_modified":"2022-05-11T11:20:37.9010769Z"},{"elements":[{"element":{"id":"04dda1a0-69d6-5a43-b643-c3953ab67557"},"value":"Get started now"},{"element":{"id":"db84246c-9b67-5c65-be9e-36f4b75a3306"},"value":"Why Acme is the best"},{"element":{"id":"ab33eceb-cebf-5628-9ffd-3bd9fd69d586"},"value":"Deploy to Gatsby Cloud or read more in the docs"},{"element":{"id":"2258084c-fa85-57e3-9b26-ae83bdafda06"},"value":[{"id":"31eb9409-b30b-5674-8d58-367652f5f7cf"},{"id":"f7fda188-85ca-5752-99d8-102f7114a55f"}]},{"element":{"id":"c3ec33e6-fd08-5b0e-84c5-8c0c3798a441"},"value":[]}],"workflow_step":{"id":"c199950d-99f0-4983-b711-6c4c91624b22"},"workflow":{"workflow_identifier":{"id":"00000000-0000-0000-0000-000000000000"},"step_identifier":{"id":"c199950d-99f0-4983-b711-6c4c91624b22"}},"item":{"id":"ffb73834-c22f-5bc0-993d-a564a49f940d"},"language":{"id":"00000000-0000-0000-0000-000000000000"},"last_modified":"2022-05-11T11:20:37.9202442Z"},{"elements":[{"element":{"id":"ac898ad7-7dc9-54b2-a898-7d5898278a18"},"value":"Products"},{"element":{"id":"9624c2f7-9f31-589a-9464-226e29486b40"},"value":[{"id":"e5ad1d4c-2b31-523f-a0ac-94436899ba8c"},{"id":"31e174bd-3d65-51fd-b8c7-d88f593fbc07"},{"id":"a8e1a09d-a645-5fa1-b0fe-24d7a09a4e97"}]}],"workflow_step":{"id":"c199950d-99f0-4983-b711-6c4c91624b22"},"workflow":{"workflow_identifier":{"id":"00000000-0000-0000-0000-000000000000"},"step_identifier":{"id":"c199950d-99f0-4983-b711-6c4c91624b22"}},"item":{"id":"c3d2711d-2778-5a8f-a5d4-b59f29e5b7da"},"language":{"id":"00000000-0000-0000-0000-000000000000"},"last_modified":"2022-05-11T11:20:37.9247318Z"},{"elements":[{"element":{"id":"9d4e855a-416f-5d3c-bfe7-d6b10adfb833"},"value":"The all-in-one solution"},{"element":{"id":"0102eed4-aece-56c3-a258-6d75ba09b1eb"},"value":"Product List"},{"element":{"id":"8c883731-456b-59d0-861f-bfbb2bcfc6a7"},"value":[{"id":"337c1ec1-3b8f-50a9-9238-f24c73d85485"},{"id":"2f1feed1-011a-54f6-a960-e2cd36ed9277"},{"id":"edb3df65-ea5b-50d2-b862-45d1d195138a"}]},{"element":{"id":"a78581aa-e767-54f7-aef5-e9aea271330c"},"value":""}],"workflow_step":{"id":"c199950d-99f0-4983-b711-6c4c91624b22"},"workflow":{"workflow_identifier":{"id":"00000000-0000-0000-0000-000000000000"},"step_identifier":{"id":"c199950d-99f0-4983-b711-6c4c91624b22"}},"item":{"id":"cc6fe9f0-f1d5-5f6a-9696-15465bf8695a"},"language":{"id":"00000000-0000-0000-0000-000000000000"},"last_modified":"2022-05-11T11:20:37.9128515Z"},{"elements":[{"element":{"id":"04dda1a0-69d6-5a43-b643-c3953ab67557"},"value":"Dive in now"},{"element":{"id":"db84246c-9b67-5c65-be9e-36f4b75a3306"},"value":""},{"element":{"id":"ab33eceb-cebf-5628-9ffd-3bd9fd69d586"},"value":"Lorem ipsum dolor sit amet, consectetur adipiscing elit, sed do eiusmod tempor incididunt ut labore et dolore magna aliqua. Ut enim ad minim veniam, quis nostrud exercitation ullamco laboris nisi ut aliquip ex ea commodo consequat."},{"element":{"id":"2258084c-fa85-57e3-9b26-ae83bdafda06"},"value":[{"id":"51c24f4d-e35c-5d21-b192-7f5301fbf20e"},{"id":"6b905b13-c85f-58e3-8db3-4d2011f92f8c"}]},{"element":{"id":"c3ec33e6-fd08-5b0e-84c5-8c0c3798a441"},"value":[{"renditions":[],"id":"c3a61791-e3ed-41ba-a8d4-dc4f8514b940"}]}],"workflow_step":{"id":"c199950d-99f0-4983-b711-6c4c91624b22"},"workflow":{"workflow_identifier":{"id":"00000000-0000-0000-0000-000000000000"},"step_identifier":{"id":"c199950d-99f0-4983-b711-6c4c91624b22"}},"item":{"id":"b7344a0f-05e4-581c-bdcc-a422ad82c706"},"language":{"id":"00000000-0000-0000-0000-000000000000"},"last_modified":"2022-06-02T10:56:30.5229358Z"},{"elements":[{"element":{"id":"21fa0e6b-6f06-5edc-9507-de883bdc4c1d"},"value":"Site Layout"},{"element":{"id":"d7b955dc-afd5-56ec-af22-a23d30c0b25f"},"value":[{"id":"64297733-a851-5d46-8da6-ce1c77f3cb90"}]},{"element":{"id":"7c108d0e-56aa-572a-8fd1-08b936958144"},"value":[{"id":"204d7823-6158-5402-b62a-9ff1bc74ea5c"}]}],"workflow_step":{"id":"c199950d-99f0-4983-b711-6c4c91624b22"},"workflow":{"workflow_identifier":{"id":"00000000-0000-0000-0000-000000000000"},"step_identifier":{"id":"c199950d-99f0-4983-b711-6c4c91624b22"}},"item":{"id":"208e262b-e0df-5dde-88d1-f6f88df93692"},"language":{"id":"00000000-0000-0000-0000-000000000000"},"last_modified":"2022-05-11T11:20:38.5075222Z"},{"elements":[{"element":{"id":"86dfc642-81a7-5da8-9412-f81ddc7135f2"},"value":"SuperApp"},{"element":{"id":"202427b7-c261-5596-835b-d340d2b854f8"},"value":[{"renditions":[],"id":"498e163f-8c93-479d-b87f-84379a7ce483"}]},{"element":{"id":"644bbc55-1eb7-5b26-bad2-f7962694d8bd"},"value":"Lorem ipsum dolor sit amet, consectetur adipiscing elit, sed do eiusmod tempor incididunt ut labore et dolore magna aliqua."},{"element":{"id":"d04d36dd-3192-52f0-a5db-a869cbdc48da"},"value":[{"id":"3cfc04ca-d1f4-5b82-9cee-1d4643c9ac25"}]}],"workflow_step":{"id":"c199950d-99f0-4983-b711-6c4c91624b22"},"workflow":{"workflow_identifier":{"id":"00000000-0000-0000-0000-000000000000"},"step_identifier":{"id":"c199950d-99f0-4983-b711-6c4c91624b22"}},"item":{"id":"337c1ec1-3b8f-50a9-9238-f24c73d85485"},"language":{"id":"00000000-0000-0000-0000-000000000000"},"last_modified":"2022-06-02T10:15:59.0936859Z"},{"elements":[{"element":{"id":"f12aafd8-457e-53bd-861d-5f3b5ff3ab46"},"value":"Footer"},{"element":{"id":"5de39edf-2244-556a-83b7-6ca8032b8009"},"value":[{"id":"7e0749ee-4732-528f-a168-dd9233b46b97"},{"id":"0c221cec-b42b-5ea4-bb4d-1e5bcedde7af"},{"id":"5b5e654c-5af2-5ddd-9195-34217353f0d5"},{"id":"553c372d-8c9c-52ef-9970-4cdf60aa0880"}]},{"element":{"id":"c32aa610-0bb4-58bd-860e-bc629ec456c2"},"value":[{"id":"643b04b0-5dee-5f85-bfc8-3cd851901859"},{"id":"d28d3376-237d-5181-94af-d047320e2e1e"},{"id":"f38ccc72-2a01-5a1f-bee7-11b544c2e398"},{"id":"cd4f1a6f-d6e1-511e-85bd-9422d16ce798"},{"id":"5f929b31-eb15-5d99-8dd9-4a26822ecedf"},{"id":"4861017f-9b59-50a0-b795-1c6cd6257d84"}]},{"element":{"id":"9b5be0a4-65bb-5dd4-9b93-faf425b109f1"},"value":[{"id":"e825fb91-2b19-515e-93e5-730b3b91d06a"},{"id":"b2397857-2752-58ee-bebb-a54c5322c8ab"}]},{"element":{"id":"7bb4af92-c297-5521-a8ef-49a82d46fb94"},"value":"© 2022 Gatsby, Inc. All rights reserved."}],"workflow_step":{"id":"c199950d-99f0-4983-b711-6c4c91624b22"},"workflow":{"workflow_identifier":{"id":"00000000-0000-0000-0000-000000000000"},"step_identifier":{"id":"c199950d-99f0-4983-b711-6c4c91624b22"}},"item":{"id":"204d7823-6158-5402-b62a-9ff1bc74ea5c"},"language":{"id":"00000000-0000-0000-0000-000000000000"},"last_modified":"2022-05-11T11:20:38.7753324Z"},{"elements":[{"element":{"id":"e3558f21-4e3e-508a-8ac6-b76a2300a1c2"},"value":"About"},{"element":{"id":"cea42784-eebb-5aa1-87df-97304e2779f3"},"value":"Homepage Starter About Page"},{"element":{"id":"540065be-b429-5211-951b-fce409165c1a"},"value":[{"renditions":[],"id":"9ca8d6fa-434f-44bc-b66b-80927919866f"}]},{"element":{"id":"13d202db-7b51-5757-9b33-3a4aefdf58b4"},"value":[{"id":"9fdadba1-1c51-5855-8995-02fec2fc00a6"},{"id":"8bb1be22-7249-5857-950a-8e93d01fb441"},{"id":"cc6fe9f0-f1d5-5f6a-9696-15465bf8695a"},{"id":"314659bf-77b0-5f1b-a1bc-79ec7c62225c"},{"id":"82c4fa1b-5710-586d-99ec-bf93bd9ef2f4"},{"id":"0c48cacd-65cb-5bb5-be1a-cc68b78bf27d"},{"id":"ffb73834-c22f-5bc0-993d-a564a49f940d"}]}],"workflow_step":{"id":"c199950d-99f0-4983-b711-6c4c91624b22"},"workflow":{"workflow_identifier":{"id":"00000000-0000-0000-0000-000000000000"},"step_identifier":{"id":"c199950d-99f0-4983-b711-6c4c91624b22"}},"item":{"id":"8b860813-6a82-5476-8ecc-306f600ab446"},"language":{"id":"00000000-0000-0000-0000-000000000000"},"last_modified":"2022-06-02T10:59:27.3448572Z"},{"elements":[{"element":{"id":"d7f3cda6-fe35-5b00-96c4-7f810a83e05b"},"value":"Testimonial List"},{"element":{"id":"e3810a19-20a3-51ba-90b2-02dbfab3c42c"},"value":"Used by the world's most innovative teams"},{"element":{"id":"e628859d-099d-58f7-950c-43319d46301a"},"value":[{"id":"a332ee95-e70e-52f4-a784-6c750e5ba421"},{"id":"b5904d9e-0f9b-55c9-a629-a3c382704d8b"},{"id":"4644d33a-04b4-595d-883b-7530a69a047c"}]},{"element":{"id":"92a1b478-8c47-5bcc-9219-03993616520e"},"value":"Testimonials"}],"workflow_step":{"id":"c199950d-99f0-4983-b711-6c4c91624b22"},"workflow":{"workflow_identifier":{"id":"00000000-0000-0000-0000-000000000000"},"step_identifier":{"id":"c199950d-99f0-4983-b711-6c4c91624b22"}},"item":{"id":"e3b93836-87fa-53c0-a53a-f7ad5c2e337f"},"language":{"id":"00000000-0000-0000-0000-000000000000"},"last_modified":"2022-05-11T11:20:39.2168285Z"},{"elements":[{"element":{"id":"ae90d752-ebcf-5ab3-8d3e-0b369cf101e2"},"value":"Gatsby + Kontent"},{"element":{"id":"3e631a72-22d0-5522-aaf1-aa42d7cf242b"},"value":"Gatsby Kontent Homepage Starter"},{"element":{"id":"5c9f2006-6baf-5201-814c-f57b692222b0"},"value":""},{"element":{"id":"a408f68f-f3a3-568e-813a-02e5f58f8237"},"value":[{"renditions":[],"id":"04f92101-2e02-4e58-8609-d46a314d9717"}]},{"element":{"id":"f5b62cc2-2961-59b6-838e-dbbc4e8fb802"},"value":"Clone, deploy, edit, and customize this starter to build your own homepage"},{"element":{"id":"761aa669-c20b-5163-9b73-9b6387c8b934"},"value":[{"id":"5541fa1b-8858-595d-9cbf-95a3388acc1b"},{"id":"9efb84eb-945e-5682-85e8-77373aa5ee53"}]}],"workflow_step":{"id":"c199950d-99f0-4983-b711-6c4c91624b22"},"workflow":{"workflow_identifier":{"id":"00000000-0000-0000-0000-000000000000"},"step_identifier":{"id":"c199950d-99f0-4983-b711-6c4c91624b22"}},"item":{"id":"3b0d43dc-b710-54d9-8be8-d58a0110fbb2"},"language":{"id":"00000000-0000-0000-0000-000000000000"},"last_modified":"2022-06-02T08:53:39.723808Z"},{"elements":[{"element":{"id":"b86aaef7-9e99-5c9e-96bd-40d23645216f"},"value":"Stat List"},{"element":{"id":"0065a39d-a844-54a2-97f6-56632e4b32d5"},"value":"Finish your feature sprints blazingly fast"},{"element":{"id":"21219f46-e4ec-5813-a71c-094ad4e19933"},"value":"Lorem ipsum dolor sit amet, consectetur adipiscing elit, sed do eiusmod tempor incididunt ut labore et dolore magna aliqua. Ut enim ad minim veniam, quis nostrud exercitation ullamco laboris nisi ut aliquip ex ea commodo consequat."},{"element":{"id":"815e47f4-faa5-57e1-8ae6-38b7e2bddbab"},"value":[{"id":"8b5a4434-d60d-5285-8ed2-8aa049228bcb"},{"id":"e3bc0bca-f65f-5b44-81b6-5947d2c9f138"},{"id":"47d74700-84a3-5212-bf6f-a8a6a478c578"}]},{"element":{"id":"5badd69d-02cf-51c5-82e0-fc7433b31036"},"value":[{"renditions":[],"id":"aa590b75-8ef8-42ea-ae79-4dce69c41349"}]},{"element":{"id":"bd1b32ba-cc6a-5d44-bfa9-74265548f499"},"value":[{"renditions":[],"id":"d22eafc6-8177-4ed8-91dc-416691fadb88"}]},{"element":{"id":"6eb0062c-4492-5eef-ad93-a3b25ee092cb"},"value":"Stats"},{"element":{"id":"4b76ec36-802f-58dd-a674-b35d52e0aac5"},"value":[{"id":"a092b42f-cfc2-50b7-9559-cfd66705bcda"}]}],"workflow_step":{"id":"c199950d-99f0-4983-b711-6c4c91624b22"},"workflow":{"workflow_identifier":{"id":"00000000-0000-0000-0000-000000000000"},"step_identifier":{"id":"c199950d-99f0-4983-b711-6c4c91624b22"}},"item":{"id":"2b199688-0b88-5764-8a8e-f1ba4880da81"},"language":{"id":"00000000-0000-0000-0000-000000000000"},"last_modified":"2022-06-02T10:46:20.3141426Z"},{"elements":[{"element":{"id":"14e020b0-80ee-56c6-ab21-730ad81a10fc"},"value":"Gatsby Kontent Homepage Starter"},{"element":{"id":"2ff4edf0-b37f-57b1-ae8e-efbb75ac8038"},"value":"A Gatsby Starter for building a homepage with Kontent"},{"element":{"id":"8c73a8d0-31d5-53f8-9f07-402e2b9ddca8"},"value":[{"renditions":[],"id":"04f92101-2e02-4e58-8609-d46a314d9717"}]},{"element":{"id":"f3c856ff-4522-5dbd-a596-0b94ab1694a9"},"value":[{"id":"3b0d43dc-b710-54d9-8be8-d58a0110fbb2"},{"id":"62040978-9a8a-56ab-823f-8189b87c15cf"},{"id":"cc6fe9f0-f1d5-5f6a-9696-15465bf8695a"},{"id":"753fac1b-c6be-539b-bcf9-974a893f051e"},{"id":"21b39c9d-afe6-5e5c-a094-1d0a90e0a630"},{"id":"2b199688-0b88-5764-8a8e-f1ba4880da81"},{"id":"e3b93836-87fa-53c0-a53a-f7ad5c2e337f"},{"id":"b7344a0f-05e4-581c-bdcc-a422ad82c706"}]}],"workflow_step":{"id":"c199950d-99f0-4983-b711-6c4c91624b22"},"workflow":{"workflow_identifier":{"id":"00000000-0000-0000-0000-000000000000"},"step_identifier":{"id":"c199950d-99f0-4983-b711-6c4c91624b22"}},"item":{"id":"810c2182-8265-5a4b-99f4-9124e608d783"},"language":{"id":"00000000-0000-0000-0000-000000000000"},"last_modified":"2022-06-08T12:40:14.0560128Z"},{"elements":[{"element":{"id":"7c566fa6-afe8-58dc-8375-86433c8f1217"},"value":[{"renditions":[],"id":"29a5cebf-9906-4710-ad8e-8845fb9d8889"}]},{"element":{"id":"c95fb04c-f75a-5a7b-9e2d-8e4124cd8323"},"value":"Feature"},{"element":{"id":"fc299460-f493-5f9a-830e-a14b5e8484df"},"value":"Modular"},{"element":{"id":"337909cd-6be8-565b-b858-5aa66e1dbc0b"},"value":"Lorem ipsum dolor sit amet, consectetur adipiscing elit, sed do eiusmod tempor incididunt ut labore et dolore magna aliqua. Ut enim ad minim veniam, quis nostrud exercitation ullamco laboris nisi ut aliquip ex ea commodo consequat."},{"element":{"id":"172f3f48-8fb0-5d7c-a4cd-a66a9a3a1a0d"},"value":[{"id":"5bc5878e-0c6b-58f4-88a8-0e7904e0ac42"}]}],"workflow_step":{"id":"c199950d-99f0-4983-b711-6c4c91624b22"},"workflow":{"workflow_identifier":{"id":"00000000-0000-0000-0000-000000000000"},"step_identifier":{"id":"c199950d-99f0-4983-b711-6c4c91624b22"}},"item":{"id":"64914629-64f4-5486-90d2-84449a48b253"},"language":{"id":"00000000-0000-0000-0000-000000000000"},"last_modified":"2022-06-02T10:27:23.1009305Z"},{"elements":[{"element":{"id":"65eb9762-eebd-5b7c-a14c-7b8c105960ef"},"value":"Get started in minutes and make it your own"},{"element":{"id":"82dca37a-460f-5a7a-a270-5422f8d07814"},"value":"Everything you need to start creating a homepage today"},{"element":{"id":"976e5ec8-8bf3-5e8a-bf56-3f58dcc74c4e"},"value":"Benefits"},{"element":{"id":"9afefbf0-0f69-5b90-bb9c-887742dc8af4"},"value":[{"id":"de663992-73ce-5030-b620-81b7f9b23893"},{"id":"60846709-6ccc-55d8-9c6a-afc948322a1a"},{"id":"13e64fb1-f7bb-52a7-b032-1b7edd1c4d30"},{"id":"c862e93d-2955-5359-aade-36ebca652184"},{"id":"b9515416-47c0-5fc0-bc05-c59b7e8a487b"},{"id":"d4581d32-2085-5117-a809-05ab935f7559"}]}],"workflow_step":{"id":"c199950d-99f0-4983-b711-6c4c91624b22"},"workflow":{"workflow_identifier":{"id":"00000000-0000-0000-0000-000000000000"},"step_identifier":{"id":"c199950d-99f0-4983-b711-6c4c91624b22"}},"item":{"id":"21b39c9d-afe6-5e5c-a094-1d0a90e0a630"},"language":{"id":"00000000-0000-0000-0000-000000000000"},"last_modified":"2022-05-11T11:20:39.9058339Z"},{"elements":[{"element":{"id":"cc14d44e-3b35-5bc8-b5ab-fda63c5ae6f7"},"value":"Logo List"},{"element":{"id":"44474612-7bd5-5587-9902-c321b261d841"},"value":"Join other industry-leading organizations pushing boundaries with Gatsby"},{"element":{"id":"ec3cdf66-88cf-5543-adc3-8a2b2fbd19e6"},"value":[{"id":"014737c6-734f-5d9b-89df-77db49c94c58"},{"id":"f472f9f0-2170-5384-940d-1159c24b5aaf"},{"id":"5520913f-78f0-597e-96a4-924c109feb02"},{"id":"baaf3eca-f7b3-5111-bdb2-df27c157171f"},{"id":"c3b5edf0-5f89-59ff-87fe-12f12e30295e"}]}],"workflow_step":{"id":"c199950d-99f0-4983-b711-6c4c91624b22"},"workflow":{"workflow_identifier":{"id":"00000000-0000-0000-0000-000000000000"},"step_identifier":{"id":"c199950d-99f0-4983-b711-6c4c91624b22"}},"item":{"id":"62040978-9a8a-56ab-823f-8189b87c15cf"},"language":{"id":"00000000-0000-0000-0000-000000000000"},"last_modified":"2022-05-11T11:20:39.9063658Z"}]