[{"id":"00000000-0000-0000-0000-000000000000","name":"Default","codename":"default","scopes":[],"steps":[{"id":"eee6db3b-545a-4785-8e86-e3772c8756f9","name":"Draft","codename":"draft","color":"red","transitions_to":[{"step":{"id":"c199950d-99f0-4983-b711-6c4c91624b22"}},{"step":{"id":"7a535a69-ad34-47f8-806a-def1fdf4d391"}}],"role_ids":["40d3ba04-b9d3-432a-a0f5-8b1399dea045"]}],"published_step":{"id":"c199950d-99f0-4983-b711-6c4c91624b22","name":"Published","codename":"published","unpublish_role_ids":["40d3ba04-b9d3-432a-a0f5-8b1399dea045"],"create_new_version_role_ids":["40d3ba04-b9d3-432a-a0f5-8b1399dea045"]},"archived_step":{"id":"7a535a69-ad34-47f8-806a-def1fdf4d391","name":"Archived","codename":"archived","role_ids":["40d3ba04-b9d3-432a-a0f5-8b1399dea045"]}}]